INSERT INTO `clanky` (`id`, `nazev`, `datum`, `viditelnost`, `nahled_foto`, `obsah`, `user_id`, `url`) VALUES
(812, 'Lukáš Kubiš po skvělých výkonech prodloužil smlouvu s týmem Unibet do roku 2027!', '2025-03-25 21:23:00', 1, 'NÁHLEĎÁÁČEK 1920X1080(166).png', '<!--[if gte mso 9]><xml>\r\n <o:OfficeDocumentSettings>\r\n  <o:RelyOnVML/>\r\n  <o:AllowPNG/>\r\n </o:OfficeDocumentSettings>\r\n</xml><![endif]--><!--[if gte mso 9]><xml>\r\n <w:WordDocument>\r\n  <w:View>Normal</w:View>\r\n  <w:Zoom>0</w:Zoom>\r\n  <w:TrackMoves/>\r\n  <w:TrackFormatting/>\r\n  <w:HyphenationZone>21</w:HyphenationZone>\r\n  <w:PunctuationKerning/>\r\n  <w:ValidateAgainstSchemas/>\r\n  <w:SaveIfXMLInvalid>false</w:SaveIfXMLInvalid>\r\n  <w:IgnoreMixedContent>false</w:IgnoreMixedContent>\r\n  <w:AlwaysShowPlaceholderText>false</w:AlwaysShowPlaceholderText>\r\n  <w:DoNotPromoteQF/>\r\n  <w:LidThemeOther>CS</w:LidThemeOther>\r\n  <w:LidThemeAsian>X-NONE</w:LidThemeAsian>\r\n  <w:LidThemeComplexScript>X-NONE</w:LidThemeComplexScript>\r\n  <w:Compatibility>\r\n   <w:BreakWrappedTables/>\r\n   <w:SnapToGridInCell/>\r\n   <w:WrapTextWithPunct/>\r\n   <w:UseAsianBreakRules/>\r\n   <w:DontGrowAutofit/>\r\n   <w:SplitPgBreakAndParaMark/>\r\n   <w:EnableOpenTypeKerning/>\r\n   <w:DontFlipMirrorIndents/>\r\n   <w:OverrideTableStyleHps/>\r\n  </w:Compatibility>\r\n  <m:mathPr>\r\n   <m:mathFont m:val=\"Cambria Math\"/>\r\n   <m:brkBin m:val=\"before\"/>\r\n   <m:brkBinSub m:val=\"&#45;-\"/>\r\n   <m:smallFrac m:val=\"off\"/>\r\n   <m:dispDef/>\r\n   <m:lMargin m:val=\"0\"/>\r\n   <m:rMargin m:val=\"0\"/>\r\n   <m:defJc m:val=\"centerGroup\"/>\r\n   <m:wrapIndent m:val=\"1440\"/>\r\n   <m:intLim m:val=\"subSup\"/>\r\n   <m:naryLim m:val=\"undOvr\"/>\r\n  </m:mathPr></w:WordDocument>\r\n</xml><![endif]--><!--[if gte mso 9]><xml>\r\n <w:LatentStyles DefLockedState=\"false\" DefUnhideWhenUsed=\"false\"\r\n  DefSemiHidden=\"false\" DefQFormat=\"false\" DefPriority=\"99\"\r\n  LatentStyleCount=\"371\">\r\n  <w:LsdException Locked=\"false\" Priority=\"0\" QFormat=\"true\" Name=\"Normal\"/>\r\n  <w:LsdException Locked=\"false\" Priority=\"9\" QFormat=\"true\" Name=\"heading 1\"/>\r\n  <w:LsdException Locked=\"false\" Priority=\"9\" SemiHidden=\"true\"\r\n   UnhideWhenUsed=\"true\" QFormat=\"true\" Name=\"heading 2\"/>\r\n  <w:LsdException Locked=\"false\" Priority=\"9\" SemiHidden=\"true\"\r\n   UnhideWhenUsed=\"true\" QFormat=\"true\" Name=\"heading 3\"/>\r\n  <w:LsdException Locked=\"false\" Priority=\"9\" SemiHidden=\"true\"\r\n   UnhideWhenUsed=\"true\" QFormat=\"true\" Name=\"heading 4\"/>\r\n  <w:LsdException Locked=\"false\" Priority=\"9\" SemiHidden=\"true\"\r\n   UnhideWhenUsed=\"true\" QFormat=\"true\" Name=\"heading 5\"/>\r\n  <w:LsdException Locked=\"false\" Priority=\"9\" SemiHidden=\"true\"\r\n   UnhideWhenUsed=\"true\" QFormat=\"true\" Name=\"heading 6\"/>\r\n  <w:LsdException Locked=\"false\" Priority=\"9\" SemiHidden=\"true\"\r\n   UnhideWhenUsed=\"true\" QFormat=\"true\" Name=\"heading 7\"/>\r\n  <w:LsdException Locked=\"false\" Priority=\"9\" SemiHidden=\"true\"\r\n   UnhideWhenUsed=\"true\" QFormat=\"true\" Name=\"heading 8\"/>\r\n  <w:LsdException Locked=\"false\" Priority=\"9\" SemiHidden=\"true\"\r\n   UnhideWhenUsed=\"true\" QFormat=\"true\" Name=\"heading 9\"/>\r\n  <w:LsdException Locked=\"false\" SemiHidden=\"true\" UnhideWhenUsed=\"true\"\r\n   Name=\"index 1\"/>\r\n  <w:LsdException Locked=\"false\" SemiHidden=\"true\" UnhideWhenUsed=\"true\"\r\n   Name=\"index 2\"/>\r\n  <w:LsdException Locked=\"false\" SemiHidden=\"true\" UnhideWhenUsed=\"true\"\r\n   Name=\"index 3\"/>\r\n  <w:LsdException Locked=\"false\" SemiHidden=\"true\" UnhideWhenUsed=\"true\"\r\n   Name=\"index 4\"/>\r\n  <w:LsdException Locked=\"false\" SemiHidden=\"true\" UnhideWhenUsed=\"true\"\r\n   Name=\"index 5\"/>\r\n  <w:LsdException Locked=\"false\" SemiHidden=\"true\" UnhideWhenUsed=\"true\"\r\n   Name=\"index 6\"/>\r\n  <w:LsdException Locked=\"false\" SemiHidden=\"true\" UnhideWhenUsed=\"true\"\r\n   Name=\"index 7\"/>\r\n  <w:LsdException Locked=\"false\" SemiHidden=\"true\" UnhideWhenUsed=\"true\"\r\n   Name=\"index 8\"/>\r\n  <w:LsdException Locked=\"false\" SemiHidden=\"true\" UnhideWhenUsed=\"true\"\r\n   Name=\"index 9\"/>\r\n  <w:LsdException Locked=\"false\" Priority=\"39\" SemiHidden=\"true\"\r\n   UnhideWhenUsed=\"true\" Name=\"toc 1\"/>\r\n  <w:LsdException Locked=\"false\" Priority=\"39\" SemiHidden=\"true\"\r\n   UnhideWhenUsed=\"true\" Name=\"toc 2\"/>\r\n  <w:LsdException Locked=\"false\" Priority=\"39\" SemiHidden=\"true\"\r\n   UnhideWhenUsed=\"true\" Name=\"toc 3\"/>\r\n  <w:LsdException Locked=\"false\" Priority=\"39\" SemiHidden=\"true\"\r\n   UnhideWhenUsed=\"true\" Name=\"toc 4\"/>\r\n  <w:LsdException Locked=\"false\" Priority=\"39\" SemiHidden=\"true\"\r\n   UnhideWhenUsed=\"true\" Name=\"toc 5\"/>\r\n  <w:LsdException Locked=\"false\" Priority=\"39\" SemiHidden=\"true\"\r\n   UnhideWhenUsed=\"true\" Name=\"toc 6\"/>\r\n  <w:LsdException Locked=\"false\" Priority=\"39\" SemiHidden=\"true\"\r\n   UnhideWhenUsed=\"true\" Name=\"toc 7\"/>\r\n  <w:LsdException Locked=\"false\" Priority=\"39\" SemiHidden=\"true\"\r\n   UnhideWhenUsed=\"true\" Name=\"toc 8\"/>\r\n  <w:LsdException Locked=\"false\" Priority=\"39\" SemiHidden=\"true\"\r\n   UnhideWhenUsed=\"true\" Name=\"toc 9\"/>\r\n  <w:LsdException Locked=\"false\" SemiHidden=\"true\" UnhideWhenUsed=\"true\"\r\n   Name=\"Normal Indent\"/>\r\n  <w:LsdException Locked=\"false\" SemiHidden=\"true\" UnhideWhenUsed=\"true\"\r\n   Name=\"footnote text\"/>\r\n  <w:LsdException Locked=\"false\" SemiHidden=\"true\" UnhideWhenUsed=\"true\"\r\n   Name=\"annotation text\"/>\r\n  <w:LsdException Locked=\"false\" SemiHidden=\"true\" UnhideWhenUsed=\"true\"\r\n   Name=\"header\"/>\r\n  <w:LsdException Locked=\"false\" SemiHidden=\"true\" UnhideWhenUsed=\"true\"\r\n   Name=\"footer\"/>\r\n  <w:LsdException Locked=\"false\" SemiHidden=\"true\" UnhideWhenUsed=\"true\"\r\n   Name=\"index heading\"/>\r\n  <w:LsdException Locked=\"false\" Priority=\"35\" SemiHidden=\"true\"\r\n   UnhideWhenUsed=\"true\" QFormat=\"true\" Name=\"caption\"/>\r\n  <w:LsdException Locked=\"false\" SemiHidden=\"true\" UnhideWhenUsed=\"true\"\r\n   Name=\"table of figures\"/>\r\n  <w:LsdException Locked=\"false\" SemiHidden=\"true\" UnhideWhenUsed=\"true\"\r\n   Name=\"envelope address\"/>\r\n  <w:LsdException Locked=\"false\" SemiHidden=\"true\" UnhideWhenUsed=\"true\"\r\n   Name=\"envelope return\"/>\r\n  <w:LsdException Locked=\"false\" SemiHidden=\"true\" UnhideWhenUsed=\"true\"\r\n   Name=\"footnote reference\"/>\r\n  <w:LsdException Locked=\"false\" SemiHidden=\"true\" UnhideWhenUsed=\"true\"\r\n   Name=\"annotation reference\"/>\r\n  <w:LsdException Locked=\"false\" SemiHidden=\"true\" UnhideWhenUsed=\"true\"\r\n   Name=\"line number\"/>\r\n  <w:LsdException Locked=\"false\" SemiHidden=\"true\" UnhideWhenUsed=\"true\"\r\n   Name=\"page number\"/>\r\n  <w:LsdException Locked=\"false\" SemiHidden=\"true\" UnhideWhenUsed=\"true\"\r\n   Name=\"endnote reference\"/>\r\n  <w:LsdException Locked=\"false\" SemiHidden=\"true\" UnhideWhenUsed=\"true\"\r\n   Name=\"endnote text\"/>\r\n  <w:LsdException Locked=\"false\" SemiHidden=\"true\" UnhideWhenUsed=\"true\"\r\n   Name=\"table of authorities\"/>\r\n  <w:LsdException Locked=\"false\" SemiHidden=\"true\" UnhideWhenUsed=\"true\"\r\n   Name=\"macro\"/>\r\n  <w:LsdException Locked=\"false\" SemiHidden=\"true\" UnhideWhenUsed=\"true\"\r\n   Name=\"toa heading\"/>\r\n  <w:LsdException Locked=\"false\" SemiHidden=\"true\" UnhideWhenUsed=\"true\"\r\n   Name=\"List\"/>\r\n  <w:LsdException Locked=\"false\" SemiHidden=\"true\" UnhideWhenUsed=\"true\"\r\n   Name=\"List Bullet\"/>\r\n  <w:LsdException Locked=\"false\" SemiHidden=\"true\" UnhideWhenUsed=\"true\"\r\n   Name=\"List Number\"/>\r\n  <w:LsdException Locked=\"false\" SemiHidden=\"true\" UnhideWhenUsed=\"true\"\r\n   Name=\"List 2\"/>\r\n  <w:LsdException Locked=\"false\" SemiHidden=\"true\" UnhideWhenUsed=\"true\"\r\n   Name=\"List 3\"/>\r\n  <w:LsdException Locked=\"false\" SemiHidden=\"true\" UnhideWhenUsed=\"true\"\r\n   Name=\"List 4\"/>\r\n  <w:LsdException Locked=\"false\" SemiHidden=\"true\" UnhideWhenUsed=\"true\"\r\n   Name=\"List 5\"/>\r\n  <w:LsdException Locked=\"false\" SemiHidden=\"true\" UnhideWhenUsed=\"true\"\r\n   Name=\"List Bullet 2\"/>\r\n  <w:LsdException Locked=\"false\" SemiHidden=\"true\" UnhideWhenUsed=\"true\"\r\n   Name=\"List Bullet 3\"/>\r\n  <w:LsdException Locked=\"false\" SemiHidden=\"true\" UnhideWhenUsed=\"true\"\r\n   Name=\"List Bullet 4\"/>\r\n  <w:LsdException Locked=\"false\" SemiHidden=\"true\" UnhideWhenUsed=\"true\"\r\n   Name=\"List Bullet 5\"/>\r\n  <w:LsdException Locked=\"false\" SemiHidden=\"true\" UnhideWhenUsed=\"true\"\r\n   Name=\"List Number 2\"/>\r\n  <w:LsdException Locked=\"false\" SemiHidden=\"true\" UnhideWhenUsed=\"true\"\r\n   Name=\"List Number 3\"/>\r\n  <w:LsdException Locked=\"false\" SemiHidden=\"true\" UnhideWhenUsed=\"true\"\r\n   Name=\"List Number 4\"/>\r\n  <w:LsdException Locked=\"false\" SemiHidden=\"true\" UnhideWhenUsed=\"true\"\r\n   Name=\"List Number 5\"/>\r\n  <w:LsdException Locked=\"false\" Priority=\"10\" QFormat=\"true\" Name=\"Title\"/>\r\n  <w:LsdException Locked=\"false\" SemiHidden=\"true\" UnhideWhenUsed=\"true\"\r\n   Name=\"Closing\"/>\r\n  <w:LsdException Locked=\"false\" SemiHidden=\"true\" UnhideWhenUsed=\"true\"\r\n   Name=\"Signature\"/>\r\n  <w:LsdException Locked=\"false\" Priority=\"1\" SemiHidden=\"true\"\r\n   UnhideWhenUsed=\"true\" Name=\"Default Paragraph Font\"/>\r\n  <w:LsdException Locked=\"false\" SemiHidden=\"true\" UnhideWhenUsed=\"true\"\r\n   Name=\"Body Text\"/>\r\n  <w:LsdException Locked=\"false\" SemiHidden=\"true\" UnhideWhenUsed=\"true\"\r\n   Name=\"Body Text Indent\"/>\r\n  <w:LsdException Locked=\"false\" SemiHidden=\"true\" UnhideWhenUsed=\"true\"\r\n   Name=\"List Continue\"/>\r\n  <w:LsdException Locked=\"false\" SemiHidden=\"true\" UnhideWhenUsed=\"true\"\r\n   Name=\"List Continue 2\"/>\r\n  <w:LsdException Locked=\"false\" SemiHidden=\"true\" UnhideWhenUsed=\"true\"\r\n   Name=\"List Continue 3\"/>\r\n  <w:LsdException Locked=\"false\" SemiHidden=\"true\" UnhideWhenUsed=\"true\"\r\n   Name=\"List Continue 4\"/>\r\n  <w:LsdException Locked=\"false\" SemiHidden=\"true\" UnhideWhenUsed=\"true\"\r\n   Name=\"List Continue 5\"/>\r\n  <w:LsdException Locked=\"false\" SemiHidden=\"true\" UnhideWhenUsed=\"true\"\r\n   Name=\"Message Header\"/>\r\n  <w:LsdException Locked=\"false\" Priority=\"11\" QFormat=\"true\" Name=\"Subtitle\"/>\r\n  <w:LsdException Locked=\"false\" SemiHidden=\"true\" UnhideWhenUsed=\"true\"\r\n   Name=\"Salutation\"/>\r\n  <w:LsdException Locked=\"false\" SemiHidden=\"true\" UnhideWhenUsed=\"true\"\r\n   Name=\"Date\"/>\r\n  <w:LsdException Locked=\"false\" SemiHidden=\"true\" UnhideWhenUsed=\"true\"\r\n   Name=\"Body Text First Indent\"/>\r\n  <w:LsdException Locked=\"false\" SemiHidden=\"true\" UnhideWhenUsed=\"true\"\r\n   Name=\"Body Text First Indent 2\"/>\r\n  <w:LsdException Locked=\"false\" SemiHidden=\"true\" UnhideWhenUsed=\"true\"\r\n   Name=\"Note Heading\"/>\r\n  <w:LsdException Locked=\"false\" SemiHidden=\"true\" UnhideWhenUsed=\"true\"\r\n   Name=\"Body Text 2\"/>\r\n  <w:LsdException Locked=\"false\" SemiHidden=\"true\" UnhideWhenUsed=\"true\"\r\n   Name=\"Body Text 3\"/>\r\n  <w:LsdException Locked=\"false\" SemiHidden=\"true\" UnhideWhenUsed=\"true\"\r\n   Name=\"Body Text Indent 2\"/>\r\n  <w:LsdException Locked=\"false\" SemiHidden=\"true\" UnhideWhenUsed=\"true\"\r\n   Name=\"Body Text Indent 3\"/>\r\n  <w:LsdException Locked=\"false\" SemiHidden=\"true\" UnhideWhenUsed=\"true\"\r\n   Name=\"Block Text\"/>\r\n  <w:LsdException Locked=\"false\" SemiHidden=\"true\" UnhideWhenUsed=\"true\"\r\n   Name=\"Hyperlink\"/>\r\n  <w:LsdException Locked=\"false\" SemiHidden=\"true\" UnhideWhenUsed=\"true\"\r\n   Name=\"FollowedHyperlink\"/>\r\n  <w:LsdException Locked=\"false\" Priority=\"22\" QFormat=\"true\" Name=\"Strong\"/>\r\n  <w:LsdException Locked=\"false\" Priority=\"20\" QFormat=\"true\" Name=\"Emphasis\"/>\r\n  <w:LsdException Locked=\"false\" SemiHidden=\"true\" UnhideWhenUsed=\"true\"\r\n   Name=\"Document Map\"/>\r\n  <w:LsdException Locked=\"false\" SemiHidden=\"true\" UnhideWhenUsed=\"true\"\r\n   Name=\"Plain Text\"/>\r\n  <w:LsdException Locked=\"false\" SemiHidden=\"true\" UnhideWhenUsed=\"true\"\r\n   Name=\"E-mail Signature\"/>\r\n  <w:LsdException Locked=\"false\" SemiHidden=\"true\" UnhideWhenUsed=\"true\"\r\n   Name=\"HTML Top of Form\"/>\r\n  <w:LsdException Locked=\"false\" SemiHidden=\"true\" UnhideWhenUsed=\"true\"\r\n   Name=\"HTML Bottom of Form\"/>\r\n  <w:LsdException Locked=\"false\" SemiHidden=\"true\" UnhideWhenUsed=\"true\"\r\n   Name=\"Normal (Web)\"/>\r\n  <w:LsdException Locked=\"false\" SemiHidden=\"true\" UnhideWhenUsed=\"true\"\r\n   Name=\"HTML Acronym\"/>\r\n  <w:LsdException Locked=\"false\" SemiHidden=\"true\" UnhideWhenUsed=\"true\"\r\n   Name=\"HTML Address\"/>\r\n  <w:LsdException Locked=\"false\" SemiHidden=\"true\" UnhideWhenUsed=\"true\"\r\n   Name=\"HTML Cite\"/>\r\n  <w:LsdException Locked=\"false\" SemiHidden=\"true\" UnhideWhenUsed=\"true\"\r\n   Name=\"HTML Code\"/>\r\n  <w:LsdException Locked=\"false\" SemiHidden=\"true\" UnhideWhenUsed=\"true\"\r\n   Name=\"HTML Definition\"/>\r\n  <w:LsdException Locked=\"false\" SemiHidden=\"true\" UnhideWhenUsed=\"true\"\r\n   Name=\"HTML Keyboard\"/>\r\n  <w:LsdException Locked=\"false\" SemiHidden=\"true\" UnhideWhenUsed=\"true\"\r\n   Name=\"HTML Preformatted\"/>\r\n  <w:LsdException Locked=\"false\" SemiHidden=\"true\" UnhideWhenUsed=\"true\"\r\n   Name=\"HTML Sample\"/>\r\n  <w:LsdException Locked=\"false\" SemiHidden=\"true\" UnhideWhenUsed=\"true\"\r\n   Name=\"HTML Typewriter\"/>\r\n  <w:LsdException Locked=\"false\" SemiHidden=\"true\" UnhideWhenUsed=\"true\"\r\n   Name=\"HTML Variable\"/>\r\n  <w:LsdException Locked=\"false\" SemiHidden=\"true\" UnhideWhenUsed=\"true\"\r\n   Name=\"Normal Table\"/>\r\n  <w:LsdException Locked=\"false\" SemiHidden=\"true\" UnhideWhenUsed=\"true\"\r\n   Name=\"annotation subject\"/>\r\n  <w:LsdException Locked=\"false\" SemiHidden=\"true\" UnhideWhenUsed=\"true\"\r\n   Name=\"No List\"/>\r\n  <w:LsdException Locked=\"false\" SemiHidden=\"true\" UnhideWhenUsed=\"true\"\r\n   Name=\"Outline List 1\"/>\r\n  <w:LsdException Locked=\"false\" SemiHidden=\"true\" UnhideWhenUsed=\"true\"\r\n   Name=\"Outline List 2\"/>\r\n  <w:LsdException Locked=\"false\" SemiHidden=\"true\" UnhideWhenUsed=\"true\"\r\n   Name=\"Outline List 3\"/>\r\n  <w:LsdException Locked=\"false\" SemiHidden=\"true\" UnhideWhenUsed=\"true\"\r\n   Name=\"Table Simple 1\"/>\r\n  <w:LsdException Locked=\"false\" SemiHidden=\"true\" UnhideWhenUsed=\"true\"\r\n   Name=\"Table Simple 2\"/>\r\n  <w:LsdException Locked=\"false\" SemiHidden=\"true\" UnhideWhenUsed=\"true\"\r\n   Name=\"Table Simple 3\"/>\r\n  <w:LsdException Locked=\"false\" SemiHidden=\"true\" UnhideWhenUsed=\"true\"\r\n   Name=\"Table Classic 1\"/>\r\n  <w:LsdException Locked=\"false\" SemiHidden=\"true\" UnhideWhenUsed=\"true\"\r\n   Name=\"Table Classic 2\"/>\r\n  <w:LsdException Locked=\"false\" SemiHidden=\"true\" UnhideWhenUsed=\"true\"\r\n   Name=\"Table Classic 3\"/>\r\n  <w:LsdException Locked=\"false\" SemiHidden=\"true\" UnhideWhenUsed=\"true\"\r\n   Name=\"Table Classic 4\"/>\r\n  <w:LsdException Locked=\"false\" SemiHidden=\"true\" UnhideWhenUsed=\"true\"\r\n   Name=\"Table Colorful 1\"/>\r\n  <w:LsdException Locked=\"false\" SemiHidden=\"true\" UnhideWhenUsed=\"true\"\r\n   Name=\"Table Colorful 2\"/>\r\n  <w:LsdException Locked=\"false\" SemiHidden=\"true\" UnhideWhenUsed=\"true\"\r\n   Name=\"Table Colorful 3\"/>\r\n  <w:LsdException Locked=\"false\" SemiHidden=\"true\" UnhideWhenUsed=\"true\"\r\n   Name=\"Table Columns 1\"/>\r\n  <w:LsdException Locked=\"false\" SemiHidden=\"true\" UnhideWhenUsed=\"true\"\r\n   Name=\"Table Columns 2\"/>\r\n  <w:LsdException Locked=\"false\" SemiHidden=\"true\" UnhideWhenUsed=\"true\"\r\n   Name=\"Table Columns 3\"/>\r\n  <w:LsdException Locked=\"false\" SemiHidden=\"true\" UnhideWhenUsed=\"true\"\r\n   Name=\"Table Columns 4\"/>\r\n  <w:LsdException Locked=\"false\" SemiHidden=\"true\" UnhideWhenUsed=\"true\"\r\n   Name=\"Table Columns 5\"/>\r\n  <w:LsdException Locked=\"false\" SemiHidden=\"true\" UnhideWhenUsed=\"true\"\r\n   Name=\"Table Grid 1\"/>\r\n  <w:LsdException Locked=\"false\" SemiHidden=\"true\" UnhideWhenUsed=\"true\"\r\n   Name=\"Table Grid 2\"/>\r\n  <w:LsdException Locked=\"false\" SemiHidden=\"true\" UnhideWhenUsed=\"true\"\r\n   Name=\"Table Grid 3\"/>\r\n  <w:LsdException Locked=\"false\" SemiHidden=\"true\" UnhideWhenUsed=\"true\"\r\n   Name=\"Table Grid 4\"/>\r\n  <w:LsdException Locked=\"false\" SemiHidden=\"true\" UnhideWhenUsed=\"true\"\r\n   Name=\"Table Grid 5\"/>\r\n  <w:LsdException Locked=\"false\" SemiHidden=\"true\" UnhideWhenUsed=\"true\"\r\n   Name=\"Table Grid 6\"/>\r\n  <w:LsdException Locked=\"false\" SemiHidden=\"true\" UnhideWhenUsed=\"true\"\r\n   Name=\"Table Grid 7\"/>\r\n  <w:LsdException Locked=\"false\" SemiHidden=\"true\" UnhideWhenUsed=\"true\"\r\n   Name=\"Table Grid 8\"/>\r\n  <w:LsdException Locked=\"false\" SemiHidden=\"true\" UnhideWhenUsed=\"true\"\r\n   Name=\"Table List 1\"/>\r\n  <w:LsdException Locked=\"false\" SemiHidden=\"true\" UnhideWhenUsed=\"true\"\r\n   Name=\"Table List 2\"/>\r\n  <w:LsdException Locked=\"false\" SemiHidden=\"true\" UnhideWhenUsed=\"true\"\r\n   Name=\"Table List 3\"/>\r\n  <w:LsdException Locked=\"false\" SemiHidden=\"true\" UnhideWhenUsed=\"true\"\r\n   Name=\"Table List 4\"/>\r\n  <w:LsdException Locked=\"false\" SemiHidden=\"true\" UnhideWhenUsed=\"true\"\r\n   Name=\"Table List 5\"/>\r\n  <w:LsdException Locked=\"false\" SemiHidden=\"true\" UnhideWhenUsed=\"true\"\r\n   Name=\"Table List 6\"/>\r\n  <w:LsdException Locked=\"false\" SemiHidden=\"true\" UnhideWhenUsed=\"true\"\r\n   Name=\"Table List 7\"/>\r\n  <w:LsdException Locked=\"false\" SemiHidden=\"true\" UnhideWhenUsed=\"true\"\r\n   Name=\"Table List 8\"/>\r\n  <w:LsdException Locked=\"false\" SemiHidden=\"true\" UnhideWhenUsed=\"true\"\r\n   Name=\"Table 3D effects 1\"/>\r\n  <w:LsdException Locked=\"false\" SemiHidden=\"true\" UnhideWhenUsed=\"true\"\r\n   Name=\"Table 3D effects 2\"/>\r\n  <w:LsdException Locked=\"false\" SemiHidden=\"true\" UnhideWhenUsed=\"true\"\r\n   Name=\"Table 3D effects 3\"/>\r\n  <w:LsdException Locked=\"false\" SemiHidden=\"true\" UnhideWhenUsed=\"true\"\r\n   Name=\"Table Contemporary\"/>\r\n  <w:LsdException Locked=\"false\" SemiHidden=\"true\" UnhideWhenUsed=\"true\"\r\n   Name=\"Table Elegant\"/>\r\n  <w:LsdException Locked=\"false\" SemiHidden=\"true\" UnhideWhenUsed=\"true\"\r\n   Name=\"Table Professional\"/>\r\n  <w:LsdException Locked=\"false\" SemiHidden=\"true\" UnhideWhenUsed=\"true\"\r\n   Name=\"Table Subtle 1\"/>\r\n  <w:LsdException Locked=\"false\" SemiHidden=\"true\" UnhideWhenUsed=\"true\"\r\n   Name=\"Table Subtle 2\"/>\r\n  <w:LsdException Locked=\"false\" SemiHidden=\"true\" UnhideWhenUsed=\"true\"\r\n   Name=\"Table Web 1\"/>\r\n  <w:LsdException Locked=\"false\" SemiHidden=\"true\" UnhideWhenUsed=\"true\"\r\n   Name=\"Table Web 2\"/>\r\n  <w:LsdException Locked=\"false\" SemiHidden=\"true\" UnhideWhenUsed=\"true\"\r\n   Name=\"Table Web 3\"/>\r\n  <w:LsdException Locked=\"false\" SemiHidden=\"true\" UnhideWhenUsed=\"true\"\r\n   Name=\"Balloon Text\"/>\r\n  <w:LsdException Locked=\"false\" Priority=\"39\" Name=\"Table Grid\"/>\r\n  <w:LsdException Locked=\"false\" SemiHidden=\"true\" UnhideWhenUsed=\"true\"\r\n   Name=\"Table Theme\"/>\r\n  <w:LsdException Locked=\"false\" SemiHidden=\"true\" Name=\"Placeholder Text\"/>\r\n  <w:LsdException Locked=\"false\" Priority=\"1\" QFormat=\"true\" Name=\"No Spacing\"/>\r\n  <w:LsdException Locked=\"false\" Priority=\"60\" Name=\"Light Shading\"/>\r\n  <w:LsdException Locked=\"false\" Priority=\"61\" Name=\"Light List\"/>\r\n  <w:LsdException Locked=\"false\" Priority=\"62\" Name=\"Light Grid\"/>\r\n  <w:LsdException Locked=\"false\" Priority=\"63\" Name=\"Medium Shading 1\"/>\r\n  <w:LsdException Locked=\"false\" Priority=\"64\" Name=\"Medium Shading 2\"/>\r\n  <w:LsdException Locked=\"false\" Priority=\"65\" Name=\"Medium List 1\"/>\r\n  <w:LsdException Locked=\"false\" Priority=\"66\" Name=\"Medium List 2\"/>\r\n  <w:LsdException Locked=\"false\" Priority=\"67\" Name=\"Medium Grid 1\"/>\r\n  <w:LsdException Locked=\"false\" Priority=\"68\" Name=\"Medium Grid 2\"/>\r\n  <w:LsdException Locked=\"false\" Priority=\"69\" Name=\"Medium Grid 3\"/>\r\n  <w:LsdException Locked=\"false\" Priority=\"70\" Name=\"Dark List\"/>\r\n  <w:LsdException Locked=\"false\" Priority=\"71\" Name=\"Colorful Shading\"/>\r\n  <w:LsdException Locked=\"false\" Priority=\"72\" Name=\"Colorful List\"/>\r\n  <w:LsdException Locked=\"false\" Priority=\"73\" Name=\"Colorful Grid\"/>\r\n  <w:LsdException Locked=\"false\" Priority=\"60\" Name=\"Light Shading Accent 1\"/>\r\n  <w:LsdException Locked=\"false\" Priority=\"61\" Name=\"Light List Accent 1\"/>\r\n  <w:LsdException Locked=\"false\" Priority=\"62\" Name=\"Light Grid Accent 1\"/>\r\n  <w:LsdException Locked=\"false\" Priority=\"63\" Name=\"Medium Shading 1 Accent 1\"/>\r\n  <w:LsdException Locked=\"false\" Priority=\"64\" Name=\"Medium Shading 2 Accent 1\"/>\r\n  <w:LsdException Locked=\"false\" Priority=\"65\" Name=\"Medium List 1 Accent 1\"/>\r\n  <w:LsdException Locked=\"false\" SemiHidden=\"true\" Name=\"Revision\"/>\r\n  <w:LsdException Locked=\"false\" Priority=\"34\" QFormat=\"true\"\r\n   Name=\"List Paragraph\"/>\r\n  <w:LsdException Locked=\"false\" Priority=\"29\" QFormat=\"true\" Name=\"Quote\"/>\r\n  <w:LsdException Locked=\"false\" Priority=\"30\" QFormat=\"true\"\r\n   Name=\"Intense Quote\"/>\r\n  <w:LsdException Locked=\"false\" Priority=\"66\" Name=\"Medium List 2 Accent 1\"/>\r\n  <w:LsdException Locked=\"false\" Priority=\"67\" Name=\"Medium Grid 1 Accent 1\"/>\r\n  <w:LsdException Locked=\"false\" Priority=\"68\" Name=\"Medium Grid 2 Accent 1\"/>\r\n  <w:LsdException Locked=\"false\" Priority=\"69\" Name=\"Medium Grid 3 Accent 1\"/>\r\n  <w:LsdException Locked=\"false\" Priority=\"70\" Name=\"Dark List Accent 1\"/>\r\n  <w:LsdException Locked=\"false\" Priority=\"71\" Name=\"Colorful Shading Accent 1\"/>\r\n  <w:LsdException Locked=\"false\" Priority=\"72\" Name=\"Colorful List Accent 1\"/>\r\n  <w:LsdException Locked=\"false\" Priority=\"73\" Name=\"Colorful Grid Accent 1\"/>\r\n  <w:LsdException Locked=\"false\" Priority=\"60\" Name=\"Light Shading Accent 2\"/>\r\n  <w:LsdException Locked=\"false\" Priority=\"61\" Name=\"Light List Accent 2\"/>\r\n  <w:LsdException Locked=\"false\" Priority=\"62\" Name=\"Light Grid Accent 2\"/>\r\n  <w:LsdException Locked=\"false\" Priority=\"63\" Name=\"Medium Shading 1 Accent 2\"/>\r\n  <w:LsdException Locked=\"false\" Priority=\"64\" Name=\"Medium Shading 2 Accent 2\"/>\r\n  <w:LsdException Locked=\"false\" Priority=\"65\" Name=\"Medium List 1 Accent 2\"/>\r\n  <w:LsdException Locked=\"false\" Priority=\"66\" Name=\"Medium List 2 Accent 2\"/>\r\n  <w:LsdException Locked=\"false\" Priority=\"67\" Name=\"Medium Grid 1 Accent 2\"/>\r\n  <w:LsdException Locked=\"false\" Priority=\"68\" Name=\"Medium Grid 2 Accent 2\"/>\r\n  <w:LsdException Locked=\"false\" Priority=\"69\" Name=\"Medium Grid 3 Accent 2\"/>\r\n  <w:LsdException Locked=\"false\" Priority=\"70\" Name=\"Dark List Accent 2\"/>\r\n  <w:LsdException Locked=\"false\" Priority=\"71\" Name=\"Colorful Shading Accent 2\"/>\r\n  <w:LsdException Locked=\"false\" Priority=\"72\" Name=\"Colorful List Accent 2\"/>\r\n  <w:LsdException Locked=\"false\" Priority=\"73\" Name=\"Colorful Grid Accent 2\"/>\r\n  <w:LsdException Locked=\"false\" Priority=\"60\" Name=\"Light Shading Accent 3\"/>\r\n  <w:LsdException Locked=\"false\" Priority=\"61\" Name=\"Light List Accent 3\"/>\r\n  <w:LsdException Locked=\"false\" Priority=\"62\" Name=\"Light Grid Accent 3\"/>\r\n  <w:LsdException Locked=\"false\" Priority=\"63\" Name=\"Medium Shading 1 Accent 3\"/>\r\n  <w:LsdException Locked=\"false\" Priority=\"64\" Name=\"Medium Shading 2 Accent 3\"/>\r\n  <w:LsdException Locked=\"false\" Priority=\"65\" Name=\"Medium List 1 Accent 3\"/>\r\n  <w:LsdException Locked=\"false\" Priority=\"66\" Name=\"Medium List 2 Accent 3\"/>\r\n  <w:LsdException Locked=\"false\" Priority=\"67\" Name=\"Medium Grid 1 Accent 3\"/>\r\n  <w:LsdException Locked=\"false\" Priority=\"68\" Name=\"Medium Grid 2 Accent 3\"/>\r\n  <w:LsdException Locked=\"false\" Priority=\"69\" Name=\"Medium Grid 3 Accent 3\"/>\r\n  <w:LsdException Locked=\"false\" Priority=\"70\" Name=\"Dark List Accent 3\"/>\r\n  <w:LsdException Locked=\"false\" Priority=\"71\" Name=\"Colorful Shading Accent 3\"/>\r\n  <w:LsdException Locked=\"false\" Priority=\"72\" Name=\"Colorful List Accent 3\"/>\r\n  <w:LsdException Locked=\"false\" Priority=\"73\" Name=\"Colorful Grid Accent 3\"/>\r\n  <w:LsdException Locked=\"false\" Priority=\"60\" Name=\"Light Shading Accent 4\"/>\r\n  <w:LsdException Locked=\"false\" Priority=\"61\" Name=\"Light List Accent 4\"/>\r\n  <w:LsdException Locked=\"false\" Priority=\"62\" Name=\"Light Grid Accent 4\"/>\r\n  <w:LsdException Locked=\"false\" Priority=\"63\" Name=\"Medium Shading 1 Accent 4\"/>\r\n  <w:LsdException Locked=\"false\" Priority=\"64\" Name=\"Medium Shading 2 Accent 4\"/>\r\n  <w:LsdException Locked=\"false\" Priority=\"65\" Name=\"Medium List 1 Accent 4\"/>\r\n  <w:LsdException Locked=\"false\" Priority=\"66\" Name=\"Medium List 2 Accent 4\"/>\r\n  <w:LsdException Locked=\"false\" Priority=\"67\" Name=\"Medium Grid 1 Accent 4\"/>\r\n  <w:LsdException Locked=\"false\" Priority=\"68\" Name=\"Medium Grid 2 Accent 4\"/>\r\n  <w:LsdException Locked=\"false\" Priority=\"69\" Name=\"Medium Grid 3 Accent 4\"/>\r\n  <w:LsdException Locked=\"false\" Priority=\"70\" Name=\"Dark List Accent 4\"/>\r\n  <w:LsdException Locked=\"false\" Priority=\"71\" Name=\"Colorful Shading Accent 4\"/>\r\n  <w:LsdException Locked=\"false\" Priority=\"72\" Name=\"Colorful List Accent 4\"/>\r\n  <w:LsdException Locked=\"false\" Priority=\"73\" Name=\"Colorful Grid Accent 4\"/>\r\n  <w:LsdException Locked=\"false\" Priority=\"60\" Name=\"Light Shading Accent 5\"/>\r\n  <w:LsdException Locked=\"false\" Priority=\"61\" Name=\"Light List Accent 5\"/>\r\n  <w:LsdException Locked=\"false\" Priority=\"62\" Name=\"Light Grid Accent 5\"/>\r\n  <w:LsdException Locked=\"false\" Priority=\"63\" Name=\"Medium Shading 1 Accent 5\"/>\r\n  <w:LsdException Locked=\"false\" Priority=\"64\" Name=\"Medium Shading 2 Accent 5\"/>\r\n  <w:LsdException Locked=\"false\" Priority=\"65\" Name=\"Medium List 1 Accent 5\"/>\r\n  <w:LsdException Locked=\"false\" Priority=\"66\" Name=\"Medium List 2 Accent 5\"/>\r\n  <w:LsdException Locked=\"false\" Priority=\"67\" Name=\"Medium Grid 1 Accent 5\"/>\r\n  <w:LsdException Locked=\"false\" Priority=\"68\" Name=\"Medium Grid 2 Accent 5\"/>\r\n  <w:LsdException Locked=\"false\" Priority=\"69\" Name=\"Medium Grid 3 Accent 5\"/>\r\n  <w:LsdException Locked=\"false\" Priority=\"70\" Name=\"Dark List Accent 5\"/>\r\n  <w:LsdException Locked=\"false\" Priority=\"71\" Name=\"Colorful Shading Accent 5\"/>\r\n  <w:LsdException Locked=\"false\" Priority=\"72\" Name=\"Colorful List Accent 5\"/>\r\n  <w:LsdException Locked=\"false\" Priority=\"73\" Name=\"Colorful Grid Accent 5\"/>\r\n  <w:LsdException Locked=\"false\" Priority=\"60\" Name=\"Light Shading Accent 6\"/>\r\n  <w:LsdException Locked=\"false\" Priority=\"61\" Name=\"Light List Accent 6\"/>\r\n  <w:LsdException Locked=\"false\" Priority=\"62\" Name=\"Light Grid Accent 6\"/>\r\n  <w:LsdException Locked=\"false\" Priority=\"63\" Name=\"Medium Shading 1 Accent 6\"/>\r\n  <w:LsdException Locked=\"false\" Priority=\"64\" Name=\"Medium Shading 2 Accent 6\"/>\r\n  <w:LsdException Locked=\"false\" Priority=\"65\" Name=\"Medium List 1 Accent 6\"/>\r\n  <w:LsdException Locked=\"false\" Priority=\"66\" Name=\"Medium List 2 Accent 6\"/>\r\n  <w:LsdException Locked=\"false\" Priority=\"67\" Name=\"Medium Grid 1 Accent 6\"/>\r\n  <w:LsdException Locked=\"false\" Priority=\"68\" Name=\"Medium Grid 2 Accent 6\"/>\r\n  <w:LsdException Locked=\"false\" Priority=\"69\" Name=\"Medium Grid 3 Accent 6\"/>\r\n  <w:LsdException Locked=\"false\" Priority=\"70\" Name=\"Dark List Accent 6\"/>\r\n  <w:LsdException Locked=\"false\" Priority=\"71\" Name=\"Colorful Shading Accent 6\"/>\r\n  <w:LsdException Locked=\"false\" Priority=\"72\" Name=\"Colorful List Accent 6\"/>\r\n  <w:LsdException Locked=\"false\" Priority=\"73\" Name=\"Colorful Grid Accent 6\"/>\r\n  <w:LsdException Locked=\"false\" Priority=\"19\" QFormat=\"true\"\r\n   Name=\"Subtle Emphasis\"/>\r\n  <w:LsdException Locked=\"false\" Priority=\"21\" QFormat=\"true\"\r\n   Name=\"Intense Emphasis\"/>\r\n  <w:LsdException Locked=\"false\" Priority=\"31\" QFormat=\"true\"\r\n   Name=\"Subtle Reference\"/>\r\n  <w:LsdException Locked=\"false\" Priority=\"32\" QFormat=\"true\"\r\n   Name=\"Intense Reference\"/>\r\n  <w:LsdException Locked=\"false\" Priority=\"33\" QFormat=\"true\" Name=\"Book Title\"/>\r\n  <w:LsdException Locked=\"false\" Priority=\"37\" SemiHidden=\"true\"\r\n   UnhideWhenUsed=\"true\" Name=\"Bibliography\"/>\r\n  <w:LsdException Locked=\"false\" Priority=\"39\" SemiHidden=\"true\"\r\n   UnhideWhenUsed=\"true\" QFormat=\"true\" Name=\"TOC Heading\"/>\r\n  <w:LsdException Locked=\"false\" Priority=\"41\" Name=\"Plain Table 1\"/>\r\n  <w:LsdException Locked=\"false\" Priority=\"42\" Name=\"Plain Table 2\"/>\r\n  <w:LsdException Locked=\"false\" Priority=\"43\" Name=\"Plain Table 3\"/>\r\n  <w:LsdException Locked=\"false\" Priority=\"44\" Name=\"Plain Table 4\"/>\r\n  <w:LsdException Locked=\"false\" Priority=\"45\" Name=\"Plain Table 5\"/>\r\n  <w:LsdException Locked=\"false\" Priority=\"40\" Name=\"Grid Table Light\"/>\r\n  <w:LsdException Locked=\"false\" Priority=\"46\" Name=\"Grid Table 1 Light\"/>\r\n  <w:LsdException Locked=\"false\" Priority=\"47\" Name=\"Grid Table 2\"/>\r\n  <w:LsdException Locked=\"false\" Priority=\"48\" Name=\"Grid Table 3\"/>\r\n  <w:LsdException Locked=\"false\" Priority=\"49\" Name=\"Grid Table 4\"/>\r\n  <w:LsdException Locked=\"false\" Priority=\"50\" Name=\"Grid Table 5 Dark\"/>\r\n  <w:LsdException Locked=\"false\" Priority=\"51\" Name=\"Grid Table 6 Colorful\"/>\r\n  <w:LsdException Locked=\"false\" Priority=\"52\" Name=\"Grid Table 7 Colorful\"/>\r\n  <w:LsdException Locked=\"false\" Priority=\"46\"\r\n   Name=\"Grid Table 1 Light Accent 1\"/>\r\n  <w:LsdException Locked=\"false\" Priority=\"47\" Name=\"Grid Table 2 Accent 1\"/>\r\n  <w:LsdException Locked=\"false\" Priority=\"48\" Name=\"Grid Table 3 Accent 1\"/>\r\n  <w:LsdException Locked=\"false\" Priority=\"49\" Name=\"Grid Table 4 Accent 1\"/>\r\n  <w:LsdException Locked=\"false\" Priority=\"50\" Name=\"Grid Table 5 Dark Accent 1\"/>\r\n  <w:LsdException Locked=\"false\" Priority=\"51\"\r\n   Name=\"Grid Table 6 Colorful Accent 1\"/>\r\n  <w:LsdException Locked=\"false\" Priority=\"52\"\r\n   Name=\"Grid Table 7 Colorful Accent 1\"/>\r\n  <w:LsdException Locked=\"false\" Priority=\"46\"\r\n   Name=\"Grid Table 1 Light Accent 2\"/>\r\n  <w:LsdException Locked=\"false\" Priority=\"47\" Name=\"Grid Table 2 Accent 2\"/>\r\n  <w:LsdException Locked=\"false\" Priority=\"48\" Name=\"Grid Table 3 Accent 2\"/>\r\n  <w:LsdException Locked=\"false\" Priority=\"49\" Name=\"Grid Table 4 Accent 2\"/>\r\n  <w:LsdException Locked=\"false\" Priority=\"50\" Name=\"Grid Table 5 Dark Accent 2\"/>\r\n  <w:LsdException Locked=\"false\" Priority=\"51\"\r\n   Name=\"Grid Table 6 Colorful Accent 2\"/>\r\n  <w:LsdException Locked=\"false\" Priority=\"52\"\r\n   Name=\"Grid Table 7 Colorful Accent 2\"/>\r\n  <w:LsdException Locked=\"false\" Priority=\"46\"\r\n   Name=\"Grid Table 1 Light Accent 3\"/>\r\n  <w:LsdException Locked=\"false\" Priority=\"47\" Name=\"Grid Table 2 Accent 3\"/>\r\n  <w:LsdException Locked=\"false\" Priority=\"48\" Name=\"Grid Table 3 Accent 3\"/>\r\n  <w:LsdException Locked=\"false\" Priority=\"49\" Name=\"Grid Table 4 Accent 3\"/>\r\n  <w:LsdException Locked=\"false\" Priority=\"50\" Name=\"Grid Table 5 Dark Accent 3\"/>\r\n  <w:LsdException Locked=\"false\" Priority=\"51\"\r\n   Name=\"Grid Table 6 Colorful Accent 3\"/>\r\n  <w:LsdException Locked=\"false\" Priority=\"52\"\r\n   Name=\"Grid Table 7 Colorful Accent 3\"/>\r\n  <w:LsdException Locked=\"false\" Priority=\"46\"\r\n   Name=\"Grid Table 1 Light Accent 4\"/>\r\n  <w:LsdException Locked=\"false\" Priority=\"47\" Name=\"Grid Table 2 Accent 4\"/>\r\n  <w:LsdException Locked=\"false\" Priority=\"48\" Name=\"Grid Table 3 Accent 4\"/>\r\n  <w:LsdException Locked=\"false\" Priority=\"49\" Name=\"Grid Table 4 Accent 4\"/>\r\n  <w:LsdException Locked=\"false\" Priority=\"50\" Name=\"Grid Table 5 Dark Accent 4\"/>\r\n  <w:LsdException Locked=\"false\" Priority=\"51\"\r\n   Name=\"Grid Table 6 Colorful Accent 4\"/>\r\n  <w:LsdException Locked=\"false\" Priority=\"52\"\r\n   Name=\"Grid Table 7 Colorful Accent 4\"/>\r\n  <w:LsdException Locked=\"false\" Priority=\"46\"\r\n   Name=\"Grid Table 1 Light Accent 5\"/>\r\n  <w:LsdException Locked=\"false\" Priority=\"47\" Name=\"Grid Table 2 Accent 5\"/>\r\n  <w:LsdException Locked=\"false\" Priority=\"48\" Name=\"Grid Table 3 Accent 5\"/>\r\n  <w:LsdException Locked=\"false\" Priority=\"49\" Name=\"Grid Table 4 Accent 5\"/>\r\n  <w:LsdException Locked=\"false\" Priority=\"50\" Name=\"Grid Table 5 Dark Accent 5\"/>\r\n  <w:LsdException Locked=\"false\" Priority=\"51\"\r\n   Name=\"Grid Table 6 Colorful Accent 5\"/>\r\n  <w:LsdException Locked=\"false\" Priority=\"52\"\r\n   Name=\"Grid Table 7 Colorful Accent 5\"/>\r\n  <w:LsdException Locked=\"false\" Priority=\"46\"\r\n   Name=\"Grid Table 1 Light Accent 6\"/>\r\n  <w:LsdException Locked=\"false\" Priority=\"47\" Name=\"Grid Table 2 Accent 6\"/>\r\n  <w:LsdException Locked=\"false\" Priority=\"48\" Name=\"Grid Table 3 Accent 6\"/>\r\n  <w:LsdException Locked=\"false\" Priority=\"49\" Name=\"Grid Table 4 Accent 6\"/>\r\n  <w:LsdException Locked=\"false\" Priority=\"50\" Name=\"Grid Table 5 Dark Accent 6\"/>\r\n  <w:LsdException Locked=\"false\" Priority=\"51\"\r\n   Name=\"Grid Table 6 Colorful Accent 6\"/>\r\n  <w:LsdException Locked=\"false\" Priority=\"52\"\r\n   Name=\"Grid Table 7 Colorful Accent 6\"/>\r\n  <w:LsdException Locked=\"false\" Priority=\"46\" Name=\"List Table 1 Light\"/>\r\n  <w:LsdException Locked=\"false\" Priority=\"47\" Name=\"List Table 2\"/>\r\n  <w:LsdException Locked=\"false\" Priority=\"48\" Name=\"List Table 3\"/>\r\n  <w:LsdException Locked=\"false\" Priority=\"49\" Name=\"List Table 4\"/>\r\n  <w:LsdException Locked=\"false\" Priority=\"50\" Name=\"List Table 5 Dark\"/>\r\n  <w:LsdException Locked=\"false\" Priority=\"51\" Name=\"List Table 6 Colorful\"/>\r\n  <w:LsdException Locked=\"false\" Priority=\"52\" Name=\"List Table 7 Colorful\"/>\r\n  <w:LsdException Locked=\"false\" Priority=\"46\"\r\n   Name=\"List Table 1 Light Accent 1\"/>\r\n  <w:LsdException Locked=\"false\" Priority=\"47\" Name=\"List Table 2 Accent 1\"/>\r\n  <w:LsdException Locked=\"false\" Priority=\"48\" Name=\"List Table 3 Accent 1\"/>\r\n  <w:LsdException Locked=\"false\" Priority=\"49\" Name=\"List Table 4 Accent 1\"/>\r\n  <w:LsdException Locked=\"false\" Priority=\"50\" Name=\"List Table 5 Dark Accent 1\"/>\r\n  <w:LsdException Locked=\"false\" Priority=\"51\"\r\n   Name=\"List Table 6 Colorful Accent 1\"/>\r\n  <w:LsdException Locked=\"false\" Priority=\"52\"\r\n   Name=\"List Table 7 Colorful Accent 1\"/>\r\n  <w:LsdException Locked=\"false\" Priority=\"46\"\r\n   Name=\"List Table 1 Light Accent 2\"/>\r\n  <w:LsdException Locked=\"false\" Priority=\"47\" Name=\"List Table 2 Accent 2\"/>\r\n  <w:LsdException Locked=\"false\" Priority=\"48\" Name=\"List Table 3 Accent 2\"/>\r\n  <w:LsdException Locked=\"false\" Priority=\"49\" Name=\"List Table 4 Accent 2\"/>\r\n  <w:LsdException Locked=\"false\" Priority=\"50\" Name=\"List Table 5 Dark Accent 2\"/>\r\n  <w:LsdException Locked=\"false\" Priority=\"51\"\r\n   Name=\"List Table 6 Colorful Accent 2\"/>\r\n  <w:LsdException Locked=\"false\" Priority=\"52\"\r\n   Name=\"List Table 7 Colorful Accent 2\"/>\r\n  <w:LsdException Locked=\"false\" Priority=\"46\"\r\n   Name=\"List Table 1 Light Accent 3\"/>\r\n  <w:LsdException Locked=\"false\" Priority=\"47\" Name=\"List Table 2 Accent 3\"/>\r\n  <w:LsdException Locked=\"false\" Priority=\"48\" Name=\"List Table 3 Accent 3\"/>\r\n  <w:LsdException Locked=\"false\" Priority=\"49\" Name=\"List Table 4 Accent 3\"/>\r\n  <w:LsdException Locked=\"false\" Priority=\"50\" Name=\"List Table 5 Dark Accent 3\"/>\r\n  <w:LsdException Locked=\"false\" Priority=\"51\"\r\n   Name=\"List Table 6 Colorful Accent 3\"/>\r\n  <w:LsdException Locked=\"false\" Priority=\"52\"\r\n   Name=\"List Table 7 Colorful Accent 3\"/>\r\n  <w:LsdException Locked=\"false\" Priority=\"46\"\r\n   Name=\"List Table 1 Light Accent 4\"/>\r\n  <w:LsdException Locked=\"false\" Priority=\"47\" Name=\"List Table 2 Accent 4\"/>\r\n  <w:LsdException Locked=\"false\" Priority=\"48\" Name=\"List Table 3 Accent 4\"/>\r\n  <w:LsdException Locked=\"false\" Priority=\"49\" Name=\"List Table 4 Accent 4\"/>\r\n  <w:LsdException Locked=\"false\" Priority=\"50\" Name=\"List Table 5 Dark Accent 4\"/>\r\n  <w:LsdException Locked=\"false\" Priority=\"51\"\r\n   Name=\"List Table 6 Colorful Accent 4\"/>\r\n  <w:LsdException Locked=\"false\" Priority=\"52\"\r\n   Name=\"List Table 7 Colorful Accent 4\"/>\r\n  <w:LsdException Locked=\"false\" Priority=\"46\"\r\n   Name=\"List Table 1 Light Accent 5\"/>\r\n  <w:LsdException Locked=\"false\" Priority=\"47\" Name=\"List Table 2 Accent 5\"/>\r\n  <w:LsdException Locked=\"false\" Priority=\"48\" Name=\"List Table 3 Accent 5\"/>\r\n  <w:LsdException Locked=\"false\" Priority=\"49\" Name=\"List Table 4 Accent 5\"/>\r\n  <w:LsdException Locked=\"false\" Priority=\"50\" Name=\"List Table 5 Dark Accent 5\"/>\r\n  <w:LsdException Locked=\"false\" Priority=\"51\"\r\n   Name=\"List Table 6 Colorful Accent 5\"/>\r\n  <w:LsdException Locked=\"false\" Priority=\"52\"\r\n   Name=\"List Table 7 Colorful Accent 5\"/>\r\n  <w:LsdException Locked=\"false\" Priority=\"46\"\r\n   Name=\"List Table 1 Light Accent 6\"/>\r\n  <w:LsdException Locked=\"false\" Priority=\"47\" Name=\"List Table 2 Accent 6\"/>\r\n  <w:LsdException Locked=\"false\" Priority=\"48\" Name=\"List Table 3 Accent 6\"/>\r\n  <w:LsdException Locked=\"false\" Priority=\"49\" Name=\"List Table 4 Accent 6\"/>\r\n  <w:LsdException Locked=\"false\" Priority=\"50\" Name=\"List Table 5 Dark Accent 6\"/>\r\n  <w:LsdException Locked=\"false\" Priority=\"51\"\r\n   Name=\"List Table 6 Colorful Accent 6\"/>\r\n  <w:LsdException Locked=\"false\" Priority=\"52\"\r\n   Name=\"List Table 7 Colorful Accent 6\"/>\r\n </w:LatentStyles>\r\n</xml><![endif]--><!--[if gte mso 10]>\r\n<style>\r\n /* Style Definitions */\r\n table.MsoNormalTable\r\n	{mso-style-name:\"Normální tabulka\";\r\n	mso-tstyle-rowband-size:0;\r\n	mso-tstyle-colband-size:0;\r\n	mso-style-noshow:yes;\r\n	mso-style-priority:99;\r\n	mso-style-parent:\"\";\r\n	mso-padding-alt:0cm 5.4pt 0cm 5.4pt;\r\n	mso-para-margin-top:0cm;\r\n	mso-para-margin-right:0cm;\r\n	mso-para-margin-bottom:8.0pt;\r\n	mso-para-margin-left:0cm;\r\n	line-height:107%;\r\n	mso-pagination:widow-orphan;\r\n	font-size:11.0pt;\r\n	font-family:\"Calibri\",sans-serif;\r\n	mso-ascii-font-family:Calibri;\r\n	mso-ascii-theme-font:minor-latin;\r\n	mso-hansi-font-family:Calibri;\r\n	mso-hansi-theme-font:minor-latin;\r\n	mso-bidi-font-family:\"Times New Roman\";\r\n	mso-bidi-theme-font:minor-bidi;\r\n	mso-fareast-language:EN-US;}\r\n</style>\r\n<![endif]-->\r\n\r\n<p class=\"MsoNormal\"><b style=\"mso-bidi-font-weight:normal\">Po konci kariéry\r\nPetra Sagana to chvíli vypadalo, že slovenská cyklistika je na ústupu. O\r\npřesném opaku nás ale přesvědčila loňská sezóna, kdy zazářila dvě jména -\r\nViktória Chladoňová a Lukáš Kubiš. My se dnes ale budeme věnovat pouze druhému\r\njmenovanému. Ten se teprve před třemi měsíci připojil k týmu Unibet Titema\r\nRockets. Kubiš hned v úvodních závodech tohoto roku zaznamenal famózní\r\nvýsledky, čímž si vyjezdil prodloužení smlouvy až do roku 2027!</b></p>\r\n\r\n<p class=\"MsoNormal\">Ještě v roce 2023 Kubiš závodil za slovenský tým Dukla\r\nBanská Bystrica. V tu chvíli to pro něj byla již pátá sezóna v dresu této\r\nslovenské sestavy. <b style=\"mso-bidi-font-weight:normal\">Loňskou sezónu strávil\r\nKubiš v hradeckém týmu Elkov Kasper.</b> Zde zažil průlomovou sezónu, když\r\novládl slovenský národní šampionát. Taktéž se skvěle prezentoval na mistrovství\r\nsvěta a Evropy. <b style=\"mso-bidi-font-weight:normal\">Třešničkou na dortu byly\r\nOlympijské hry, kde zaznamenal výborné 29. místo.</b></p><p class=\"MsoNormal\"><b style=\"mso-bidi-font-weight:normal\"><p></p><div class=\"iframe\"><blockquote class=\"instagram-media\" data-instgrm-permalink=\"https://www.instagram.com/p/C-Kkjy9MYtX/?utm_source=ig_embed&amp;utm_campaign=loading\" data-instgrm-version=\"14\" style=\" background:#FFF; border:0; border-radius:3px; box-shadow:0 0 1px 0 rgba(0,0,0,0.5),0 1px 10px 0 rgba(0,0,0,0.15); margin: 1px; max-width:540px; min-width:326px; padding:0; width:99.375%; width:-webkit-calc(100% - 2px); width:calc(100% - 2px);\"><div style=\"padding:16px;\"> <a href=\"https://www.instagram.com/p/C-Kkjy9MYtX/?utm_source=ig_embed&amp;utm_campaign=loading\" style=\" background:#FFFFFF; line-height:0; padding:0 0; text-align:center; text-decoration:none; width:100%;\" target=\"_blank\"> <div style=\" display: flex; flex-direction: row; align-items: center;\"> <div style=\"background-color: #F4F4F4; border-radius: 50%; flex-grow: 0; height: 40px; margin-right: 14px; width: 40px;\"></div> <div style=\"display: flex; flex-direction: column; flex-grow: 1; justify-content: center;\"> <div style=\" background-color: #F4F4F4; border-radius: 4px; flex-grow: 0; height: 14px; margin-bottom: 6px; width: 100px;\"></div> <div style=\" background-color: #F4F4F4; border-radius: 4px; flex-grow: 0; height: 14px; width: 60px;\"></div></div></div><div style=\"padding: 19% 0;\"></div> <div style=\"display:block; height:50px; margin:0 auto 12px; width:50px;\"><svg width=\"50px\" height=\"50px\" viewBox=\"0 0 60 60\" version=\"1.1\" xmlns=\"https://www.w3.org/2000/svg\" xmlns:xlink=\"https://www.w3.org/1999/xlink\"><g stroke=\"none\" stroke-width=\"1\" fill=\"none\" fill-rule=\"evenodd\"><g transform=\"translate(-511.000000, -20.000000)\" fill=\"#000000\"><g><path d=\"M556.869,30.41 C554.814,30.41 553.148,32.076 553.148,34.131 C553.148,36.186 554.814,37.852 556.869,37.852 C558.924,37.852 560.59,36.186 560.59,34.131 C560.59,32.076 558.924,30.41 556.869,30.41 M541,60.657 C535.114,60.657 530.342,55.887 530.342,50 C530.342,44.114 535.114,39.342 541,39.342 C546.887,39.342 551.658,44.114 551.658,50 C551.658,55.887 546.887,60.657 541,60.657 M541,33.886 C532.1,33.886 524.886,41.1 524.886,50 C524.886,58.899 532.1,66.113 541,66.113 C549.9,66.113 557.115,58.899 557.115,50 C557.115,41.1 549.9,33.886 541,33.886 M565.378,62.101 C565.244,65.022 564.756,66.606 564.346,67.663 C563.803,69.06 563.154,70.057 562.106,71.106 C561.058,72.155 560.06,72.803 558.662,73.347 C557.607,73.757 556.021,74.244 553.102,74.378 C549.944,74.521 548.997,74.552 541,74.552 C533.003,74.552 532.056,74.521 528.898,74.378 C525.979,74.244 524.393,73.757 523.338,73.347 C521.94,72.803 520.942,72.155 519.894,71.106 C518.846,70.057 518.197,69.06 517.654,67.663 C517.244,66.606 516.755,65.022 516.623,62.101 C516.479,58.943 516.448,57.996 516.448,50 C516.448,42.003 516.479,41.056 516.623,37.899 C516.755,34.978 517.244,33.391 517.654,32.338 C518.197,30.938 518.846,29.942 519.894,28.894 C520.942,27.846 521.94,27.196 523.338,26.654 C524.393,26.244 525.979,25.756 528.898,25.623 C532.057,25.479 533.004,25.448 541,25.448 C548.997,25.448 549.943,25.479 553.102,25.623 C556.021,25.756 557.607,26.244 558.662,26.654 C560.06,27.196 561.058,27.846 562.106,28.894 C563.154,29.942 563.803,30.938 564.346,32.338 C564.756,33.391 565.244,34.978 565.378,37.899 C565.522,41.056 565.552,42.003 565.552,50 C565.552,57.996 565.522,58.943 565.378,62.101 M570.82,37.631 C570.674,34.438 570.167,32.258 569.425,30.349 C568.659,28.377 567.633,26.702 565.965,25.035 C564.297,23.368 562.623,22.342 560.652,21.575 C558.743,20.834 556.562,20.326 553.369,20.18 C550.169,20.033 549.148,20 541,20 C532.853,20 531.831,20.033 528.631,20.18 C525.438,20.326 523.257,20.834 521.349,21.575 C519.376,22.342 517.703,23.368 516.035,25.035 C514.368,26.702 513.342,28.377 512.574,30.349 C511.834,32.258 511.326,34.438 511.181,37.631 C511.035,40.831 511,41.851 511,50 C511,58.147 511.035,59.17 511.181,62.369 C511.326,65.562 511.834,67.743 512.574,69.651 C513.342,71.625 514.368,73.296 516.035,74.965 C517.703,76.634 519.376,77.658 521.349,78.425 C523.257,79.167 525.438,79.673 528.631,79.82 C531.831,79.965 532.853,80.001 541,80.001 C549.148,80.001 550.169,79.965 553.369,79.82 C556.562,79.673 558.743,79.167 560.652,78.425 C562.623,77.658 564.297,76.634 565.965,74.965 C567.633,73.296 568.659,71.625 569.425,69.651 C570.167,67.743 570.674,65.562 570.82,62.369 C570.966,59.17 571,58.147 571,50 C571,41.851 570.966,40.831 570.82,37.631\"></path></g></g></g></svg></div><div style=\"padding-top: 8px;\"> <div style=\" color:#3897f0; font-family:Arial,sans-serif; font-size:14px; font-style:normal; font-weight:550; line-height:18px;\">Zobrazit příspěvek na Instagramu</div></div><div style=\"padding: 12.5% 0;\"></div> <div style=\"display: flex; flex-direction: row; margin-bottom: 14px; align-items: center;\"><div> <div style=\"background-color: #F4F4F4; border-radius: 50%; height: 12.5px; width: 12.5px; transform: translateX(0px) translateY(7px);\"></div> <div style=\"background-color: #F4F4F4; height: 12.5px; transform: rotate(-45deg) translateX(3px) translateY(1px); width: 12.5px; flex-grow: 0; margin-right: 14px; margin-left: 2px;\"></div> <div style=\"background-color: #F4F4F4; border-radius: 50%; height: 12.5px; width: 12.5px; transform: translateX(9px) translateY(-18px);\"></div></div><div style=\"margin-left: 8px;\"> <div style=\" background-color: #F4F4F4; border-radius: 50%; flex-grow: 0; height: 20px; width: 20px;\"></div> <div style=\" width: 0; height: 0; border-top: 2px solid transparent; border-left: 6px solid #f4f4f4; border-bottom: 2px solid transparent; transform: translateX(16px) translateY(-4px) rotate(30deg)\"></div></div><div style=\"margin-left: auto;\"> <div style=\" width: 0px; border-top: 8px solid #F4F4F4; border-right: 8px solid transparent; transform: translateY(16px);\"></div> <div style=\" background-color: #F4F4F4; flex-grow: 0; height: 12px; width: 16px; transform: translateY(-4px);\"></div> <div style=\" width: 0; height: 0; border-top: 8px solid #F4F4F4; border-left: 8px solid transparent; transform: translateY(-4px) translateX(8px);\"></div></div></div> <div style=\"display: flex; flex-direction: column; flex-grow: 1; justify-content: center; margin-bottom: 24px;\"> <div style=\" background-color: #F4F4F4; border-radius: 4px; flex-grow: 0; height: 14px; margin-bottom: 6px; width: 224px;\"></div> <div style=\" background-color: #F4F4F4; border-radius: 4px; flex-grow: 0; height: 14px; width: 144px;\"></div></div></a><p style=\" color:#c9c8cd; font-family:Arial,sans-serif; font-size:14px; line-height:17px; margin-bottom:0; margin-top:8px; overflow:hidden; padding:8px 0 7px; text-align:center; text-overflow:ellipsis; white-space:nowrap;\"><a href=\"https://www.instagram.com/p/C-Kkjy9MYtX/?utm_source=ig_embed&amp;utm_campaign=loading\" style=\" color:#c9c8cd; font-family:Arial,sans-serif; font-size:14px; font-style:normal; font-weight:normal; line-height:17px; text-decoration:none;\" target=\"_blank\">Příspěvek sdílený Lukáš Kubiš (@kubislukas)</a></p></div></blockquote> <script async=\"\" src=\"//www.instagram.com/embed.js\"></script></div><br></b></p>\r\n\r\n<p class=\"MsoNormal\">Hned po roce v týmu Elkov Kasper se <b style=\"mso-bidi-font-weight:\r\nnormal\">Kubiš přesunul o patro výš do kontinentálního týmu Unibet Titema Rockets.</b>\r\nV novém angažmá slovenský mistr okamžitě zazářil, když na klasikách jako Omloop\r\nNieuwsblad a Kurne-Brussel-Kurne dojel v elitní desítce. <b style=\"mso-bidi-font-weight:\r\nnormal\">Svou skvělou jarní formu Kubiš korunoval minulý týden na Cholet Agglo\r\nTour, kde zvítězil.</b></p><p class=\"MsoNormal\"><b style=\"mso-bidi-font-weight:\r\nnormal\"><p></p><div class=\"iframe\"><blockquote class=\"instagram-media\" data-instgrm-permalink=\"https://www.instagram.com/p/DHlfd1INAXw/?utm_source=ig_embed&amp;utm_campaign=loading\" data-instgrm-version=\"14\" style=\" background:#FFF; border:0; border-radius:3px; box-shadow:0 0 1px 0 rgba(0,0,0,0.5),0 1px 10px 0 rgba(0,0,0,0.15); margin: 1px; max-width:540px; min-width:326px; padding:0; width:99.375%; width:-webkit-calc(100% - 2px); width:calc(100% - 2px);\"><div style=\"padding:16px;\"> <a href=\"https://www.instagram.com/p/DHlfd1INAXw/?utm_source=ig_embed&amp;utm_campaign=loading\" style=\" background:#FFFFFF; line-height:0; padding:0 0; text-align:center; text-decoration:none; width:100%;\" target=\"_blank\"> <div style=\" display: flex; flex-direction: row; align-items: center;\"> <div style=\"background-color: #F4F4F4; border-radius: 50%; flex-grow: 0; height: 40px; margin-right: 14px; width: 40px;\"></div> <div style=\"display: flex; flex-direction: column; flex-grow: 1; justify-content: center;\"> <div style=\" background-color: #F4F4F4; border-radius: 4px; flex-grow: 0; height: 14px; margin-bottom: 6px; width: 100px;\"></div> <div style=\" background-color: #F4F4F4; border-radius: 4px; flex-grow: 0; height: 14px; width: 60px;\"></div></div></div><div style=\"padding: 19% 0;\"></div> <div style=\"display:block; height:50px; margin:0 auto 12px; width:50px;\"><svg width=\"50px\" height=\"50px\" viewBox=\"0 0 60 60\" version=\"1.1\" xmlns=\"https://www.w3.org/2000/svg\" xmlns:xlink=\"https://www.w3.org/1999/xlink\"><g stroke=\"none\" stroke-width=\"1\" fill=\"none\" fill-rule=\"evenodd\"><g transform=\"translate(-511.000000, -20.000000)\" fill=\"#000000\"><g><path d=\"M556.869,30.41 C554.814,30.41 553.148,32.076 553.148,34.131 C553.148,36.186 554.814,37.852 556.869,37.852 C558.924,37.852 560.59,36.186 560.59,34.131 C560.59,32.076 558.924,30.41 556.869,30.41 M541,60.657 C535.114,60.657 530.342,55.887 530.342,50 C530.342,44.114 535.114,39.342 541,39.342 C546.887,39.342 551.658,44.114 551.658,50 C551.658,55.887 546.887,60.657 541,60.657 M541,33.886 C532.1,33.886 524.886,41.1 524.886,50 C524.886,58.899 532.1,66.113 541,66.113 C549.9,66.113 557.115,58.899 557.115,50 C557.115,41.1 549.9,33.886 541,33.886 M565.378,62.101 C565.244,65.022 564.756,66.606 564.346,67.663 C563.803,69.06 563.154,70.057 562.106,71.106 C561.058,72.155 560.06,72.803 558.662,73.347 C557.607,73.757 556.021,74.244 553.102,74.378 C549.944,74.521 548.997,74.552 541,74.552 C533.003,74.552 532.056,74.521 528.898,74.378 C525.979,74.244 524.393,73.757 523.338,73.347 C521.94,72.803 520.942,72.155 519.894,71.106 C518.846,70.057 518.197,69.06 517.654,67.663 C517.244,66.606 516.755,65.022 516.623,62.101 C516.479,58.943 516.448,57.996 516.448,50 C516.448,42.003 516.479,41.056 516.623,37.899 C516.755,34.978 517.244,33.391 517.654,32.338 C518.197,30.938 518.846,29.942 519.894,28.894 C520.942,27.846 521.94,27.196 523.338,26.654 C524.393,26.244 525.979,25.756 528.898,25.623 C532.057,25.479 533.004,25.448 541,25.448 C548.997,25.448 549.943,25.479 553.102,25.623 C556.021,25.756 557.607,26.244 558.662,26.654 C560.06,27.196 561.058,27.846 562.106,28.894 C563.154,29.942 563.803,30.938 564.346,32.338 C564.756,33.391 565.244,34.978 565.378,37.899 C565.522,41.056 565.552,42.003 565.552,50 C565.552,57.996 565.522,58.943 565.378,62.101 M570.82,37.631 C570.674,34.438 570.167,32.258 569.425,30.349 C568.659,28.377 567.633,26.702 565.965,25.035 C564.297,23.368 562.623,22.342 560.652,21.575 C558.743,20.834 556.562,20.326 553.369,20.18 C550.169,20.033 549.148,20 541,20 C532.853,20 531.831,20.033 528.631,20.18 C525.438,20.326 523.257,20.834 521.349,21.575 C519.376,22.342 517.703,23.368 516.035,25.035 C514.368,26.702 513.342,28.377 512.574,30.349 C511.834,32.258 511.326,34.438 511.181,37.631 C511.035,40.831 511,41.851 511,50 C511,58.147 511.035,59.17 511.181,62.369 C511.326,65.562 511.834,67.743 512.574,69.651 C513.342,71.625 514.368,73.296 516.035,74.965 C517.703,76.634 519.376,77.658 521.349,78.425 C523.257,79.167 525.438,79.673 528.631,79.82 C531.831,79.965 532.853,80.001 541,80.001 C549.148,80.001 550.169,79.965 553.369,79.82 C556.562,79.673 558.743,79.167 560.652,78.425 C562.623,77.658 564.297,76.634 565.965,74.965 C567.633,73.296 568.659,71.625 569.425,69.651 C570.167,67.743 570.674,65.562 570.82,62.369 C570.966,59.17 571,58.147 571,50 C571,41.851 570.966,40.831 570.82,37.631\"></path></g></g></g></svg></div><div style=\"padding-top: 8px;\"> <div style=\" color:#3897f0; font-family:Arial,sans-serif; font-size:14px; font-style:normal; font-weight:550; line-height:18px;\">Zobrazit příspěvek na Instagramu</div></div><div style=\"padding: 12.5% 0;\"></div> <div style=\"display: flex; flex-direction: row; margin-bottom: 14px; align-items: center;\"><div> <div style=\"background-color: #F4F4F4; border-radius: 50%; height: 12.5px; width: 12.5px; transform: translateX(0px) translateY(7px);\"></div> <div style=\"background-color: #F4F4F4; height: 12.5px; transform: rotate(-45deg) translateX(3px) translateY(1px); width: 12.5px; flex-grow: 0; margin-right: 14px; margin-left: 2px;\"></div> <div style=\"background-color: #F4F4F4; border-radius: 50%; height: 12.5px; width: 12.5px; transform: translateX(9px) translateY(-18px);\"></div></div><div style=\"margin-left: 8px;\"> <div style=\" background-color: #F4F4F4; border-radius: 50%; flex-grow: 0; height: 20px; width: 20px;\"></div> <div style=\" width: 0; height: 0; border-top: 2px solid transparent; border-left: 6px solid #f4f4f4; border-bottom: 2px solid transparent; transform: translateX(16px) translateY(-4px) rotate(30deg)\"></div></div><div style=\"margin-left: auto;\"> <div style=\" width: 0px; border-top: 8px solid #F4F4F4; border-right: 8px solid transparent; transform: translateY(16px);\"></div> <div style=\" background-color: #F4F4F4; flex-grow: 0; height: 12px; width: 16px; transform: translateY(-4px);\"></div> <div style=\" width: 0; height: 0; border-top: 8px solid #F4F4F4; border-left: 8px solid transparent; transform: translateY(-4px) translateX(8px);\"></div></div></div> <div style=\"display: flex; flex-direction: column; flex-grow: 1; justify-content: center; margin-bottom: 24px;\"> <div style=\" background-color: #F4F4F4; border-radius: 4px; flex-grow: 0; height: 14px; margin-bottom: 6px; width: 224px;\"></div> <div style=\" background-color: #F4F4F4; border-radius: 4px; flex-grow: 0; height: 14px; width: 144px;\"></div></div></a><p style=\" color:#c9c8cd; font-family:Arial,sans-serif; font-size:14px; line-height:17px; margin-bottom:0; margin-top:8px; overflow:hidden; padding:8px 0 7px; text-align:center; text-overflow:ellipsis; white-space:nowrap;\"><a href=\"https://www.instagram.com/p/DHlfd1INAXw/?utm_source=ig_embed&amp;utm_campaign=loading\" style=\" color:#c9c8cd; font-family:Arial,sans-serif; font-size:14px; font-style:normal; font-weight:normal; line-height:17px; text-decoration:none;\" target=\"_blank\">Příspěvek sdílený Unibet Tietema Rockets (@rocketscycling)</a></p></div></blockquote> <script async=\"\" src=\"//www.instagram.com/embed.js\"></script></div><br></b></p>\r\n\r\n<p class=\"MsoNormal\">Tyto skvělé výsledky slovenskému reprezentantovi vynesly\r\nvelkou mediální pozornost<b style=\"mso-bidi-font-weight:normal\">. Kubiš se stal\r\nhlavní tváří sociálních sítí týmu Titema Rockets.</b> I díky tomu se tým\r\nrozhodl, že mu prodlouží smlouvu až do roku 2027. Slovákova nová <b style=\"mso-bidi-font-weight:normal\">smlouva obsahuje i zvláštní klauzuli, která\r\nse aktivuje, pokud vyhraje Paris-Roubaix. </b>V tom případě obdrží od týmu jako\r\nprémii <b style=\"mso-bidi-font-weight:normal\">1000 belgických koláčků zvaných\r\nMattentaartjes.</b></p><p class=\"MsoNormal\"><b style=\"mso-bidi-font-weight:normal\"><p><p></p><div class=\"iframe\"><iframe width=\"560\" height=\"315\" src=\"https://www.youtube.com/embed/4mbINCUKDF4?si=YHYG4fMnPTNsI5XK\" title=\"YouTube video player\" frameborder=\"0\" allow=\"accelerometer; autoplay; clipboard-write; encrypted-media; gyroscope; picture-in-picture; web-share\" referrerpolicy=\"strict-origin-when-cross-origin\" allowfullscreen=\"\"></iframe></div></p><br></b></p>\r\n\r\n<p class=\"MsoNormal\"><b style=\"mso-bidi-font-weight:normal\">Co říkáte na Kubišovy\r\nvýkony?</b></p>\r\n\r\n<div><br></div>', 6, 'lukas-kubis-po-skvelych-vykonech-prodlouzil-smlouvu-s-tymem-unibet-do-roku-2027');
INSERT INTO `clanky` (`id`, `nazev`, `datum`, `viditelnost`, `nahled_foto`, `obsah`, `user_id`, `url`) VALUES
(813, 'A je to oficiální! Tadej Pogačar letos pojede Paris-Roubaix!', '2025-03-26 10:22:00', 1, 'NÁHLEĎÁÁČEK 1920X1080(167).png', '\r\n        \r\n        \r\n        <!--[if gte mso 9]><xml>\r\n <o:OfficeDocumentSettings>\r\n  <o:RelyOnVML/>\r\n  <o:AllowPNG/>\r\n </o:OfficeDocumentSettings>\r\n</xml><![endif]--><!--[if gte mso 9]><xml>\r\n <w:WordDocument>\r\n  <w:View>Normal</w:View>\r\n  <w:Zoom>0</w:Zoom>\r\n  <w:TrackMoves/>\r\n  <w:TrackFormatting/>\r\n  <w:HyphenationZone>21</w:HyphenationZone>\r\n  <w:PunctuationKerning/>\r\n  <w:ValidateAgainstSchemas/>\r\n  <w:SaveIfXMLInvalid>false</w:SaveIfXMLInvalid>\r\n  <w:IgnoreMixedContent>false</w:IgnoreMixedContent>\r\n  <w:AlwaysShowPlaceholderText>false</w:AlwaysShowPlaceholderText>\r\n  <w:DoNotPromoteQF/>\r\n  <w:LidThemeOther>CS</w:LidThemeOther>\r\n  <w:LidThemeAsian>X-NONE</w:LidThemeAsian>\r\n  <w:LidThemeComplexScript>X-NONE</w:LidThemeComplexScript>\r\n  <w:Compatibility>\r\n   <w:BreakWrappedTables/>\r\n   <w:SnapToGridInCell/>\r\n   <w:WrapTextWithPunct/>\r\n   <w:UseAsianBreakRules/>\r\n   <w:DontGrowAutofit/>\r\n   <w:SplitPgBreakAndParaMark/>\r\n   <w:EnableOpenTypeKerning/>\r\n   <w:DontFlipMirrorIndents/>\r\n   <w:OverrideTableStyleHps/>\r\n  </w:Compatibility>\r\n  <m:mathPr>\r\n   <m:mathFont m:val=\"Cambria Math\"/>\r\n   <m:brkBin m:val=\"before\"/>\r\n   <m:brkBinSub m:val=\"&#45;-\"/>\r\n   <m:smallFrac m:val=\"off\"/>\r\n   <m:dispDef/>\r\n   <m:lMargin m:val=\"0\"/>\r\n   <m:rMargin m:val=\"0\"/>\r\n   <m:defJc m:val=\"centerGroup\"/>\r\n   <m:wrapIndent m:val=\"1440\"/>\r\n   <m:intLim m:val=\"subSup\"/>\r\n   <m:naryLim m:val=\"undOvr\"/>\r\n  </m:mathPr></w:WordDocument>\r\n</xml><![endif]--><!--[if gte mso 9]><xml>\r\n <w:LatentStyles DefLockedState=\"false\" DefUnhideWhenUsed=\"false\"\r\n  DefSemiHidden=\"false\" DefQFormat=\"false\" DefPriority=\"99\"\r\n  LatentStyleCount=\"371\">\r\n  <w:LsdException Locked=\"false\" Priority=\"0\" QFormat=\"true\" Name=\"Normal\"/>\r\n  <w:LsdException Locked=\"false\" Priority=\"9\" QFormat=\"true\" Name=\"heading 1\"/>\r\n  <w:LsdException Locked=\"false\" Priority=\"9\" SemiHidden=\"true\"\r\n   UnhideWhenUsed=\"true\" QFormat=\"true\" Name=\"heading 2\"/>\r\n  <w:LsdException Locked=\"false\" Priority=\"9\" SemiHidden=\"true\"\r\n   UnhideWhenUsed=\"true\" QFormat=\"true\" Name=\"heading 3\"/>\r\n  <w:LsdException Locked=\"false\" Priority=\"9\" SemiHidden=\"true\"\r\n   UnhideWhenUsed=\"true\" QFormat=\"true\" Name=\"heading 4\"/>\r\n  <w:LsdException Locked=\"false\" Priority=\"9\" SemiHidden=\"true\"\r\n   UnhideWhenUsed=\"true\" QFormat=\"true\" Name=\"heading 5\"/>\r\n  <w:LsdException Locked=\"false\" Priority=\"9\" SemiHidden=\"true\"\r\n   UnhideWhenUsed=\"true\" QFormat=\"true\" Name=\"heading 6\"/>\r\n  <w:LsdException Locked=\"false\" Priority=\"9\" SemiHidden=\"true\"\r\n   UnhideWhenUsed=\"true\" QFormat=\"true\" Name=\"heading 7\"/>\r\n  <w:LsdException Locked=\"false\" Priority=\"9\" SemiHidden=\"true\"\r\n   UnhideWhenUsed=\"true\" QFormat=\"true\" Name=\"heading 8\"/>\r\n  <w:LsdException Locked=\"false\" Priority=\"9\" SemiHidden=\"true\"\r\n   UnhideWhenUsed=\"true\" QFormat=\"true\" Name=\"heading 9\"/>\r\n  <w:LsdException Locked=\"false\" SemiHidden=\"true\" UnhideWhenUsed=\"true\"\r\n   Name=\"index 1\"/>\r\n  <w:LsdException Locked=\"false\" SemiHidden=\"true\" UnhideWhenUsed=\"true\"\r\n   Name=\"index 2\"/>\r\n  <w:LsdException Locked=\"false\" SemiHidden=\"true\" UnhideWhenUsed=\"true\"\r\n   Name=\"index 3\"/>\r\n  <w:LsdException Locked=\"false\" SemiHidden=\"true\" UnhideWhenUsed=\"true\"\r\n   Name=\"index 4\"/>\r\n  <w:LsdException Locked=\"false\" SemiHidden=\"true\" UnhideWhenUsed=\"true\"\r\n   Name=\"index 5\"/>\r\n  <w:LsdException Locked=\"false\" SemiHidden=\"true\" UnhideWhenUsed=\"true\"\r\n   Name=\"index 6\"/>\r\n  <w:LsdException Locked=\"false\" SemiHidden=\"true\" UnhideWhenUsed=\"true\"\r\n   Name=\"index 7\"/>\r\n  <w:LsdException Locked=\"false\" SemiHidden=\"true\" UnhideWhenUsed=\"true\"\r\n   Name=\"index 8\"/>\r\n  <w:LsdException Locked=\"false\" SemiHidden=\"true\" UnhideWhenUsed=\"true\"\r\n   Name=\"index 9\"/>\r\n  <w:LsdException Locked=\"false\" Priority=\"39\" SemiHidden=\"true\"\r\n   UnhideWhenUsed=\"true\" Name=\"toc 1\"/>\r\n  <w:LsdException Locked=\"false\" Priority=\"39\" SemiHidden=\"true\"\r\n   UnhideWhenUsed=\"true\" Name=\"toc 2\"/>\r\n  <w:LsdException Locked=\"false\" Priority=\"39\" SemiHidden=\"true\"\r\n   UnhideWhenUsed=\"true\" Name=\"toc 3\"/>\r\n  <w:LsdException Locked=\"false\" Priority=\"39\" SemiHidden=\"true\"\r\n   UnhideWhenUsed=\"true\" Name=\"toc 4\"/>\r\n  <w:LsdException Locked=\"false\" Priority=\"39\" SemiHidden=\"true\"\r\n   UnhideWhenUsed=\"true\" Name=\"toc 5\"/>\r\n  <w:LsdException Locked=\"false\" Priority=\"39\" SemiHidden=\"true\"\r\n   UnhideWhenUsed=\"true\" Name=\"toc 6\"/>\r\n  <w:LsdException Locked=\"false\" Priority=\"39\" SemiHidden=\"true\"\r\n   UnhideWhenUsed=\"true\" Name=\"toc 7\"/>\r\n  <w:LsdException Locked=\"false\" Priority=\"39\" SemiHidden=\"true\"\r\n   UnhideWhenUsed=\"true\" Name=\"toc 8\"/>\r\n  <w:LsdException Locked=\"false\" Priority=\"39\" SemiHidden=\"true\"\r\n   UnhideWhenUsed=\"true\" Name=\"toc 9\"/>\r\n  <w:LsdException Locked=\"false\" SemiHidden=\"true\" UnhideWhenUsed=\"true\"\r\n   Name=\"Normal Indent\"/>\r\n  <w:LsdException Locked=\"false\" SemiHidden=\"true\" UnhideWhenUsed=\"true\"\r\n   Name=\"footnote text\"/>\r\n  <w:LsdException Locked=\"false\" SemiHidden=\"true\" UnhideWhenUsed=\"true\"\r\n   Name=\"annotation text\"/>\r\n  <w:LsdException Locked=\"false\" SemiHidden=\"true\" UnhideWhenUsed=\"true\"\r\n   Name=\"header\"/>\r\n  <w:LsdException Locked=\"false\" SemiHidden=\"true\" UnhideWhenUsed=\"true\"\r\n   Name=\"footer\"/>\r\n  <w:LsdException Locked=\"false\" SemiHidden=\"true\" UnhideWhenUsed=\"true\"\r\n   Name=\"index heading\"/>\r\n  <w:LsdException Locked=\"false\" Priority=\"35\" SemiHidden=\"true\"\r\n   UnhideWhenUsed=\"true\" QFormat=\"true\" Name=\"caption\"/>\r\n  <w:LsdException Locked=\"false\" SemiHidden=\"true\" UnhideWhenUsed=\"true\"\r\n   Name=\"table of figures\"/>\r\n  <w:LsdException Locked=\"false\" SemiHidden=\"true\" UnhideWhenUsed=\"true\"\r\n   Name=\"envelope address\"/>\r\n  <w:LsdException Locked=\"false\" SemiHidden=\"true\" UnhideWhenUsed=\"true\"\r\n   Name=\"envelope return\"/>\r\n  <w:LsdException Locked=\"false\" SemiHidden=\"true\" UnhideWhenUsed=\"true\"\r\n   Name=\"footnote reference\"/>\r\n  <w:LsdException Locked=\"false\" SemiHidden=\"true\" UnhideWhenUsed=\"true\"\r\n   Name=\"annotation reference\"/>\r\n  <w:LsdException Locked=\"false\" SemiHidden=\"true\" UnhideWhenUsed=\"true\"\r\n   Name=\"line number\"/>\r\n  <w:LsdException Locked=\"false\" SemiHidden=\"true\" UnhideWhenUsed=\"true\"\r\n   Name=\"page number\"/>\r\n  <w:LsdException Locked=\"false\" SemiHidden=\"true\" UnhideWhenUsed=\"true\"\r\n   Name=\"endnote reference\"/>\r\n  <w:LsdException Locked=\"false\" SemiHidden=\"true\" UnhideWhenUsed=\"true\"\r\n   Name=\"endnote text\"/>\r\n  <w:LsdException Locked=\"false\" SemiHidden=\"true\" UnhideWhenUsed=\"true\"\r\n   Name=\"table of authorities\"/>\r\n  <w:LsdException Locked=\"false\" SemiHidden=\"true\" UnhideWhenUsed=\"true\"\r\n   Name=\"macro\"/>\r\n  <w:LsdException Locked=\"false\" SemiHidden=\"true\" UnhideWhenUsed=\"true\"\r\n   Name=\"toa heading\"/>\r\n  <w:LsdException Locked=\"false\" SemiHidden=\"true\" UnhideWhenUsed=\"true\"\r\n   Name=\"List\"/>\r\n  <w:LsdException Locked=\"false\" SemiHidden=\"true\" UnhideWhenUsed=\"true\"\r\n   Name=\"List Bullet\"/>\r\n  <w:LsdException Locked=\"false\" SemiHidden=\"true\" UnhideWhenUsed=\"true\"\r\n   Name=\"List Number\"/>\r\n  <w:LsdException Locked=\"false\" SemiHidden=\"true\" UnhideWhenUsed=\"true\"\r\n   Name=\"List 2\"/>\r\n  <w:LsdException Locked=\"false\" SemiHidden=\"true\" UnhideWhenUsed=\"true\"\r\n   Name=\"List 3\"/>\r\n  <w:LsdException Locked=\"false\" SemiHidden=\"true\" UnhideWhenUsed=\"true\"\r\n   Name=\"List 4\"/>\r\n  <w:LsdException Locked=\"false\" SemiHidden=\"true\" UnhideWhenUsed=\"true\"\r\n   Name=\"List 5\"/>\r\n  <w:LsdException Locked=\"false\" SemiHidden=\"true\" UnhideWhenUsed=\"true\"\r\n   Name=\"List Bullet 2\"/>\r\n  <w:LsdException Locked=\"false\" SemiHidden=\"true\" UnhideWhenUsed=\"true\"\r\n   Name=\"List Bullet 3\"/>\r\n  <w:LsdException Locked=\"false\" SemiHidden=\"true\" UnhideWhenUsed=\"true\"\r\n   Name=\"List Bullet 4\"/>\r\n  <w:LsdException Locked=\"false\" SemiHidden=\"true\" UnhideWhenUsed=\"true\"\r\n   Name=\"List Bullet 5\"/>\r\n  <w:LsdException Locked=\"false\" SemiHidden=\"true\" UnhideWhenUsed=\"true\"\r\n   Name=\"List Number 2\"/>\r\n  <w:LsdException Locked=\"false\" SemiHidden=\"true\" UnhideWhenUsed=\"true\"\r\n   Name=\"List Number 3\"/>\r\n  <w:LsdException Locked=\"false\" SemiHidden=\"true\" UnhideWhenUsed=\"true\"\r\n   Name=\"List Number 4\"/>\r\n  <w:LsdException Locked=\"false\" SemiHidden=\"true\" UnhideWhenUsed=\"true\"\r\n   Name=\"List Number 5\"/>\r\n  <w:LsdException Locked=\"false\" Priority=\"10\" QFormat=\"true\" Name=\"Title\"/>\r\n  <w:LsdException Locked=\"false\" SemiHidden=\"true\" UnhideWhenUsed=\"true\"\r\n   Name=\"Closing\"/>\r\n  <w:LsdException Locked=\"false\" SemiHidden=\"true\" UnhideWhenUsed=\"true\"\r\n   Name=\"Signature\"/>\r\n  <w:LsdException Locked=\"false\" Priority=\"1\" SemiHidden=\"true\"\r\n   UnhideWhenUsed=\"true\" Name=\"Default Paragraph Font\"/>\r\n  <w:LsdException Locked=\"false\" SemiHidden=\"true\" UnhideWhenUsed=\"true\"\r\n   Name=\"Body Text\"/>\r\n  <w:LsdException Locked=\"false\" SemiHidden=\"true\" UnhideWhenUsed=\"true\"\r\n   Name=\"Body Text Indent\"/>\r\n  <w:LsdException Locked=\"false\" SemiHidden=\"true\" UnhideWhenUsed=\"true\"\r\n   Name=\"List Continue\"/>\r\n  <w:LsdException Locked=\"false\" SemiHidden=\"true\" UnhideWhenUsed=\"true\"\r\n   Name=\"List Continue 2\"/>\r\n  <w:LsdException Locked=\"false\" SemiHidden=\"true\" UnhideWhenUsed=\"true\"\r\n   Name=\"List Continue 3\"/>\r\n  <w:LsdException Locked=\"false\" SemiHidden=\"true\" UnhideWhenUsed=\"true\"\r\n   Name=\"List Continue 4\"/>\r\n  <w:LsdException Locked=\"false\" SemiHidden=\"true\" UnhideWhenUsed=\"true\"\r\n   Name=\"List Continue 5\"/>\r\n  <w:LsdException Locked=\"false\" SemiHidden=\"true\" UnhideWhenUsed=\"true\"\r\n   Name=\"Message Header\"/>\r\n  <w:LsdException Locked=\"false\" Priority=\"11\" QFormat=\"true\" Name=\"Subtitle\"/>\r\n  <w:LsdException Locked=\"false\" SemiHidden=\"true\" UnhideWhenUsed=\"true\"\r\n   Name=\"Salutation\"/>\r\n  <w:LsdException Locked=\"false\" SemiHidden=\"true\" UnhideWhenUsed=\"true\"\r\n   Name=\"Date\"/>\r\n  <w:LsdException Locked=\"false\" SemiHidden=\"true\" UnhideWhenUsed=\"true\"\r\n   Name=\"Body Text First Indent\"/>\r\n  <w:LsdException Locked=\"false\" SemiHidden=\"true\" UnhideWhenUsed=\"true\"\r\n   Name=\"Body Text First Indent 2\"/>\r\n  <w:LsdException Locked=\"false\" SemiHidden=\"true\" UnhideWhenUsed=\"true\"\r\n   Name=\"Note Heading\"/>\r\n  <w:LsdException Locked=\"false\" SemiHidden=\"true\" UnhideWhenUsed=\"true\"\r\n   Name=\"Body Text 2\"/>\r\n  <w:LsdException Locked=\"false\" SemiHidden=\"true\" UnhideWhenUsed=\"true\"\r\n   Name=\"Body Text 3\"/>\r\n  <w:LsdException Locked=\"false\" SemiHidden=\"true\" UnhideWhenUsed=\"true\"\r\n   Name=\"Body Text Indent 2\"/>\r\n  <w:LsdException Locked=\"false\" SemiHidden=\"true\" UnhideWhenUsed=\"true\"\r\n   Name=\"Body Text Indent 3\"/>\r\n  <w:LsdException Locked=\"false\" SemiHidden=\"true\" UnhideWhenUsed=\"true\"\r\n   Name=\"Block Text\"/>\r\n  <w:LsdException Locked=\"false\" SemiHidden=\"true\" UnhideWhenUsed=\"true\"\r\n   Name=\"Hyperlink\"/>\r\n  <w:LsdException Locked=\"false\" SemiHidden=\"true\" UnhideWhenUsed=\"true\"\r\n   Name=\"FollowedHyperlink\"/>\r\n  <w:LsdException Locked=\"false\" Priority=\"22\" QFormat=\"true\" Name=\"Strong\"/>\r\n  <w:LsdException Locked=\"false\" Priority=\"20\" QFormat=\"true\" Name=\"Emphasis\"/>\r\n  <w:LsdException Locked=\"false\" SemiHidden=\"true\" UnhideWhenUsed=\"true\"\r\n   Name=\"Document Map\"/>\r\n  <w:LsdException Locked=\"false\" SemiHidden=\"true\" UnhideWhenUsed=\"true\"\r\n   Name=\"Plain Text\"/>\r\n  <w:LsdException Locked=\"false\" SemiHidden=\"true\" UnhideWhenUsed=\"true\"\r\n   Name=\"E-mail Signature\"/>\r\n  <w:LsdException Locked=\"false\" SemiHidden=\"true\" UnhideWhenUsed=\"true\"\r\n   Name=\"HTML Top of Form\"/>\r\n  <w:LsdException Locked=\"false\" SemiHidden=\"true\" UnhideWhenUsed=\"true\"\r\n   Name=\"HTML Bottom of Form\"/>\r\n  <w:LsdException Locked=\"false\" SemiHidden=\"true\" UnhideWhenUsed=\"true\"\r\n   Name=\"Normal (Web)\"/>\r\n  <w:LsdException Locked=\"false\" SemiHidden=\"true\" UnhideWhenUsed=\"true\"\r\n   Name=\"HTML Acronym\"/>\r\n  <w:LsdException Locked=\"false\" SemiHidden=\"true\" UnhideWhenUsed=\"true\"\r\n   Name=\"HTML Address\"/>\r\n  <w:LsdException Locked=\"false\" SemiHidden=\"true\" UnhideWhenUsed=\"true\"\r\n   Name=\"HTML Cite\"/>\r\n  <w:LsdException Locked=\"false\" SemiHidden=\"true\" UnhideWhenUsed=\"true\"\r\n   Name=\"HTML Code\"/>\r\n  <w:LsdException Locked=\"false\" SemiHidden=\"true\" UnhideWhenUsed=\"true\"\r\n   Name=\"HTML Definition\"/>\r\n  <w:LsdException Locked=\"false\" SemiHidden=\"true\" UnhideWhenUsed=\"true\"\r\n   Name=\"HTML Keyboard\"/>\r\n  <w:LsdException Locked=\"false\" SemiHidden=\"true\" UnhideWhenUsed=\"true\"\r\n   Name=\"HTML Preformatted\"/>\r\n  <w:LsdException Locked=\"false\" SemiHidden=\"true\" UnhideWhenUsed=\"true\"\r\n   Name=\"HTML Sample\"/>\r\n  <w:LsdException Locked=\"false\" SemiHidden=\"true\" UnhideWhenUsed=\"true\"\r\n   Name=\"HTML Typewriter\"/>\r\n  <w:LsdException Locked=\"false\" SemiHidden=\"true\" UnhideWhenUsed=\"true\"\r\n   Name=\"HTML Variable\"/>\r\n  <w:LsdException Locked=\"false\" SemiHidden=\"true\" UnhideWhenUsed=\"true\"\r\n   Name=\"Normal Table\"/>\r\n  <w:LsdException Locked=\"false\" SemiHidden=\"true\" UnhideWhenUsed=\"true\"\r\n   Name=\"annotation subject\"/>\r\n  <w:LsdException Locked=\"false\" SemiHidden=\"true\" UnhideWhenUsed=\"true\"\r\n   Name=\"No List\"/>\r\n  <w:LsdException Locked=\"false\" SemiHidden=\"true\" UnhideWhenUsed=\"true\"\r\n   Name=\"Outline List 1\"/>\r\n  <w:LsdException Locked=\"false\" SemiHidden=\"true\" UnhideWhenUsed=\"true\"\r\n   Name=\"Outline List 2\"/>\r\n  <w:LsdException Locked=\"false\" SemiHidden=\"true\" UnhideWhenUsed=\"true\"\r\n   Name=\"Outline List 3\"/>\r\n  <w:LsdException Locked=\"false\" SemiHidden=\"true\" UnhideWhenUsed=\"true\"\r\n   Name=\"Table Simple 1\"/>\r\n  <w:LsdException Locked=\"false\" SemiHidden=\"true\" UnhideWhenUsed=\"true\"\r\n   Name=\"Table Simple 2\"/>\r\n  <w:LsdException Locked=\"false\" SemiHidden=\"true\" UnhideWhenUsed=\"true\"\r\n   Name=\"Table Simple 3\"/>\r\n  <w:LsdException Locked=\"false\" SemiHidden=\"true\" UnhideWhenUsed=\"true\"\r\n   Name=\"Table Classic 1\"/>\r\n  <w:LsdException Locked=\"false\" SemiHidden=\"true\" UnhideWhenUsed=\"true\"\r\n   Name=\"Table Classic 2\"/>\r\n  <w:LsdException Locked=\"false\" SemiHidden=\"true\" UnhideWhenUsed=\"true\"\r\n   Name=\"Table Classic 3\"/>\r\n  <w:LsdException Locked=\"false\" SemiHidden=\"true\" UnhideWhenUsed=\"true\"\r\n   Name=\"Table Classic 4\"/>\r\n  <w:LsdException Locked=\"false\" SemiHidden=\"true\" UnhideWhenUsed=\"true\"\r\n   Name=\"Table Colorful 1\"/>\r\n  <w:LsdException Locked=\"false\" SemiHidden=\"true\" UnhideWhenUsed=\"true\"\r\n   Name=\"Table Colorful 2\"/>\r\n  <w:LsdException Locked=\"false\" SemiHidden=\"true\" UnhideWhenUsed=\"true\"\r\n   Name=\"Table Colorful 3\"/>\r\n  <w:LsdException Locked=\"false\" SemiHidden=\"true\" UnhideWhenUsed=\"true\"\r\n   Name=\"Table Columns 1\"/>\r\n  <w:LsdException Locked=\"false\" SemiHidden=\"true\" UnhideWhenUsed=\"true\"\r\n   Name=\"Table Columns 2\"/>\r\n  <w:LsdException Locked=\"false\" SemiHidden=\"true\" UnhideWhenUsed=\"true\"\r\n   Name=\"Table Columns 3\"/>\r\n  <w:LsdException Locked=\"false\" SemiHidden=\"true\" UnhideWhenUsed=\"true\"\r\n   Name=\"Table Columns 4\"/>\r\n  <w:LsdException Locked=\"false\" SemiHidden=\"true\" UnhideWhenUsed=\"true\"\r\n   Name=\"Table Columns 5\"/>\r\n  <w:LsdException Locked=\"false\" SemiHidden=\"true\" UnhideWhenUsed=\"true\"\r\n   Name=\"Table Grid 1\"/>\r\n  <w:LsdException Locked=\"false\" SemiHidden=\"true\" UnhideWhenUsed=\"true\"\r\n   Name=\"Table Grid 2\"/>\r\n  <w:LsdException Locked=\"false\" SemiHidden=\"true\" UnhideWhenUsed=\"true\"\r\n   Name=\"Table Grid 3\"/>\r\n  <w:LsdException Locked=\"false\" SemiHidden=\"true\" UnhideWhenUsed=\"true\"\r\n   Name=\"Table Grid 4\"/>\r\n  <w:LsdException Locked=\"false\" SemiHidden=\"true\" UnhideWhenUsed=\"true\"\r\n   Name=\"Table Grid 5\"/>\r\n  <w:LsdException Locked=\"false\" SemiHidden=\"true\" UnhideWhenUsed=\"true\"\r\n   Name=\"Table Grid 6\"/>\r\n  <w:LsdException Locked=\"false\" SemiHidden=\"true\" UnhideWhenUsed=\"true\"\r\n   Name=\"Table Grid 7\"/>\r\n  <w:LsdException Locked=\"false\" SemiHidden=\"true\" UnhideWhenUsed=\"true\"\r\n   Name=\"Table Grid 8\"/>\r\n  <w:LsdException Locked=\"false\" SemiHidden=\"true\" UnhideWhenUsed=\"true\"\r\n   Name=\"Table List 1\"/>\r\n  <w:LsdException Locked=\"false\" SemiHidden=\"true\" UnhideWhenUsed=\"true\"\r\n   Name=\"Table List 2\"/>\r\n  <w:LsdException Locked=\"false\" SemiHidden=\"true\" UnhideWhenUsed=\"true\"\r\n   Name=\"Table List 3\"/>\r\n  <w:LsdException Locked=\"false\" SemiHidden=\"true\" UnhideWhenUsed=\"true\"\r\n   Name=\"Table List 4\"/>\r\n  <w:LsdException Locked=\"false\" SemiHidden=\"true\" UnhideWhenUsed=\"true\"\r\n   Name=\"Table List 5\"/>\r\n  <w:LsdException Locked=\"false\" SemiHidden=\"true\" UnhideWhenUsed=\"true\"\r\n   Name=\"Table List 6\"/>\r\n  <w:LsdException Locked=\"false\" SemiHidden=\"true\" UnhideWhenUsed=\"true\"\r\n   Name=\"Table List 7\"/>\r\n  <w:LsdException Locked=\"false\" SemiHidden=\"true\" UnhideWhenUsed=\"true\"\r\n   Name=\"Table List 8\"/>\r\n  <w:LsdException Locked=\"false\" SemiHidden=\"true\" UnhideWhenUsed=\"true\"\r\n   Name=\"Table 3D effects 1\"/>\r\n  <w:LsdException Locked=\"false\" SemiHidden=\"true\" UnhideWhenUsed=\"true\"\r\n   Name=\"Table 3D effects 2\"/>\r\n  <w:LsdException Locked=\"false\" SemiHidden=\"true\" UnhideWhenUsed=\"true\"\r\n   Name=\"Table 3D effects 3\"/>\r\n  <w:LsdException Locked=\"false\" SemiHidden=\"true\" UnhideWhenUsed=\"true\"\r\n   Name=\"Table Contemporary\"/>\r\n  <w:LsdException Locked=\"false\" SemiHidden=\"true\" UnhideWhenUsed=\"true\"\r\n   Name=\"Table Elegant\"/>\r\n  <w:LsdException Locked=\"false\" SemiHidden=\"true\" UnhideWhenUsed=\"true\"\r\n   Name=\"Table Professional\"/>\r\n  <w:LsdException Locked=\"false\" SemiHidden=\"true\" UnhideWhenUsed=\"true\"\r\n   Name=\"Table Subtle 1\"/>\r\n  <w:LsdException Locked=\"false\" SemiHidden=\"true\" UnhideWhenUsed=\"true\"\r\n   Name=\"Table Subtle 2\"/>\r\n  <w:LsdException Locked=\"false\" SemiHidden=\"true\" UnhideWhenUsed=\"true\"\r\n   Name=\"Table Web 1\"/>\r\n  <w:LsdException Locked=\"false\" SemiHidden=\"true\" UnhideWhenUsed=\"true\"\r\n   Name=\"Table Web 2\"/>\r\n  <w:LsdException Locked=\"false\" SemiHidden=\"true\" UnhideWhenUsed=\"true\"\r\n   Name=\"Table Web 3\"/>\r\n  <w:LsdException Locked=\"false\" SemiHidden=\"true\" UnhideWhenUsed=\"true\"\r\n   Name=\"Balloon Text\"/>\r\n  <w:LsdException Locked=\"false\" Priority=\"39\" Name=\"Table Grid\"/>\r\n  <w:LsdException Locked=\"false\" SemiHidden=\"true\" UnhideWhenUsed=\"true\"\r\n   Name=\"Table Theme\"/>\r\n  <w:LsdException Locked=\"false\" SemiHidden=\"true\" Name=\"Placeholder Text\"/>\r\n  <w:LsdException Locked=\"false\" Priority=\"1\" QFormat=\"true\" Name=\"No Spacing\"/>\r\n  <w:LsdException Locked=\"false\" Priority=\"60\" Name=\"Light Shading\"/>\r\n  <w:LsdException Locked=\"false\" Priority=\"61\" Name=\"Light List\"/>\r\n  <w:LsdException Locked=\"false\" Priority=\"62\" Name=\"Light Grid\"/>\r\n  <w:LsdException Locked=\"false\" Priority=\"63\" Name=\"Medium Shading 1\"/>\r\n  <w:LsdException Locked=\"false\" Priority=\"64\" Name=\"Medium Shading 2\"/>\r\n  <w:LsdException Locked=\"false\" Priority=\"65\" Name=\"Medium List 1\"/>\r\n  <w:LsdException Locked=\"false\" Priority=\"66\" Name=\"Medium List 2\"/>\r\n  <w:LsdException Locked=\"false\" Priority=\"67\" Name=\"Medium Grid 1\"/>\r\n  <w:LsdException Locked=\"false\" Priority=\"68\" Name=\"Medium Grid 2\"/>\r\n  <w:LsdException Locked=\"false\" Priority=\"69\" Name=\"Medium Grid 3\"/>\r\n  <w:LsdException Locked=\"false\" Priority=\"70\" Name=\"Dark List\"/>\r\n  <w:LsdException Locked=\"false\" Priority=\"71\" Name=\"Colorful Shading\"/>\r\n  <w:LsdException Locked=\"false\" Priority=\"72\" Name=\"Colorful List\"/>\r\n  <w:LsdException Locked=\"false\" Priority=\"73\" Name=\"Colorful Grid\"/>\r\n  <w:LsdException Locked=\"false\" Priority=\"60\" Name=\"Light Shading Accent 1\"/>\r\n  <w:LsdException Locked=\"false\" Priority=\"61\" Name=\"Light List Accent 1\"/>\r\n  <w:LsdException Locked=\"false\" Priority=\"62\" Name=\"Light Grid Accent 1\"/>\r\n  <w:LsdException Locked=\"false\" Priority=\"63\" Name=\"Medium Shading 1 Accent 1\"/>\r\n  <w:LsdException Locked=\"false\" Priority=\"64\" Name=\"Medium Shading 2 Accent 1\"/>\r\n  <w:LsdException Locked=\"false\" Priority=\"65\" Name=\"Medium List 1 Accent 1\"/>\r\n  <w:LsdException Locked=\"false\" SemiHidden=\"true\" Name=\"Revision\"/>\r\n  <w:LsdException Locked=\"false\" Priority=\"34\" QFormat=\"true\"\r\n   Name=\"List Paragraph\"/>\r\n  <w:LsdException Locked=\"false\" Priority=\"29\" QFormat=\"true\" Name=\"Quote\"/>\r\n  <w:LsdException Locked=\"false\" Priority=\"30\" QFormat=\"true\"\r\n   Name=\"Intense Quote\"/>\r\n  <w:LsdException Locked=\"false\" Priority=\"66\" Name=\"Medium List 2 Accent 1\"/>\r\n  <w:LsdException Locked=\"false\" Priority=\"67\" Name=\"Medium Grid 1 Accent 1\"/>\r\n  <w:LsdException Locked=\"false\" Priority=\"68\" Name=\"Medium Grid 2 Accent 1\"/>\r\n  <w:LsdException Locked=\"false\" Priority=\"69\" Name=\"Medium Grid 3 Accent 1\"/>\r\n  <w:LsdException Locked=\"false\" Priority=\"70\" Name=\"Dark List Accent 1\"/>\r\n  <w:LsdException Locked=\"false\" Priority=\"71\" Name=\"Colorful Shading Accent 1\"/>\r\n  <w:LsdException Locked=\"false\" Priority=\"72\" Name=\"Colorful List Accent 1\"/>\r\n  <w:LsdException Locked=\"false\" Priority=\"73\" Name=\"Colorful Grid Accent 1\"/>\r\n  <w:LsdException Locked=\"false\" Priority=\"60\" Name=\"Light Shading Accent 2\"/>\r\n  <w:LsdException Locked=\"false\" Priority=\"61\" Name=\"Light List Accent 2\"/>\r\n  <w:LsdException Locked=\"false\" Priority=\"62\" Name=\"Light Grid Accent 2\"/>\r\n  <w:LsdException Locked=\"false\" Priority=\"63\" Name=\"Medium Shading 1 Accent 2\"/>\r\n  <w:LsdException Locked=\"false\" Priority=\"64\" Name=\"Medium Shading 2 Accent 2\"/>\r\n  <w:LsdException Locked=\"false\" Priority=\"65\" Name=\"Medium List 1 Accent 2\"/>\r\n  <w:LsdException Locked=\"false\" Priority=\"66\" Name=\"Medium List 2 Accent 2\"/>\r\n  <w:LsdException Locked=\"false\" Priority=\"67\" Name=\"Medium Grid 1 Accent 2\"/>\r\n  <w:LsdException Locked=\"false\" Priority=\"68\" Name=\"Medium Grid 2 Accent 2\"/>\r\n  <w:LsdException Locked=\"false\" Priority=\"69\" Name=\"Medium Grid 3 Accent 2\"/>\r\n  <w:LsdException Locked=\"false\" Priority=\"70\" Name=\"Dark List Accent 2\"/>\r\n  <w:LsdException Locked=\"false\" Priority=\"71\" Name=\"Colorful Shading Accent 2\"/>\r\n  <w:LsdException Locked=\"false\" Priority=\"72\" Name=\"Colorful List Accent 2\"/>\r\n  <w:LsdException Locked=\"false\" Priority=\"73\" Name=\"Colorful Grid Accent 2\"/>\r\n  <w:LsdException Locked=\"false\" Priority=\"60\" Name=\"Light Shading Accent 3\"/>\r\n  <w:LsdException Locked=\"false\" Priority=\"61\" Name=\"Light List Accent 3\"/>\r\n  <w:LsdException Locked=\"false\" Priority=\"62\" Name=\"Light Grid Accent 3\"/>\r\n  <w:LsdException Locked=\"false\" Priority=\"63\" Name=\"Medium Shading 1 Accent 3\"/>\r\n  <w:LsdException Locked=\"false\" Priority=\"64\" Name=\"Medium Shading 2 Accent 3\"/>\r\n  <w:LsdException Locked=\"false\" Priority=\"65\" Name=\"Medium List 1 Accent 3\"/>\r\n  <w:LsdException Locked=\"false\" Priority=\"66\" Name=\"Medium List 2 Accent 3\"/>\r\n  <w:LsdException Locked=\"false\" Priority=\"67\" Name=\"Medium Grid 1 Accent 3\"/>\r\n  <w:LsdException Locked=\"false\" Priority=\"68\" Name=\"Medium Grid 2 Accent 3\"/>\r\n  <w:LsdException Locked=\"false\" Priority=\"69\" Name=\"Medium Grid 3 Accent 3\"/>\r\n  <w:LsdException Locked=\"false\" Priority=\"70\" Name=\"Dark List Accent 3\"/>\r\n  <w:LsdException Locked=\"false\" Priority=\"71\" Name=\"Colorful Shading Accent 3\"/>\r\n  <w:LsdException Locked=\"false\" Priority=\"72\" Name=\"Colorful List Accent 3\"/>\r\n  <w:LsdException Locked=\"false\" Priority=\"73\" Name=\"Colorful Grid Accent 3\"/>\r\n  <w:LsdException Locked=\"false\" Priority=\"60\" Name=\"Light Shading Accent 4\"/>\r\n  <w:LsdException Locked=\"false\" Priority=\"61\" Name=\"Light List Accent 4\"/>\r\n  <w:LsdException Locked=\"false\" Priority=\"62\" Name=\"Light Grid Accent 4\"/>\r\n  <w:LsdException Locked=\"false\" Priority=\"63\" Name=\"Medium Shading 1 Accent 4\"/>\r\n  <w:LsdException Locked=\"false\" Priority=\"64\" Name=\"Medium Shading 2 Accent 4\"/>\r\n  <w:LsdException Locked=\"false\" Priority=\"65\" Name=\"Medium List 1 Accent 4\"/>\r\n  <w:LsdException Locked=\"false\" Priority=\"66\" Name=\"Medium List 2 Accent 4\"/>\r\n  <w:LsdException Locked=\"false\" Priority=\"67\" Name=\"Medium Grid 1 Accent 4\"/>\r\n  <w:LsdException Locked=\"false\" Priority=\"68\" Name=\"Medium Grid 2 Accent 4\"/>\r\n  <w:LsdException Locked=\"false\" Priority=\"69\" Name=\"Medium Grid 3 Accent 4\"/>\r\n  <w:LsdException Locked=\"false\" Priority=\"70\" Name=\"Dark List Accent 4\"/>\r\n  <w:LsdException Locked=\"false\" Priority=\"71\" Name=\"Colorful Shading Accent 4\"/>\r\n  <w:LsdException Locked=\"false\" Priority=\"72\" Name=\"Colorful List Accent 4\"/>\r\n  <w:LsdException Locked=\"false\" Priority=\"73\" Name=\"Colorful Grid Accent 4\"/>\r\n  <w:LsdException Locked=\"false\" Priority=\"60\" Name=\"Light Shading Accent 5\"/>\r\n  <w:LsdException Locked=\"false\" Priority=\"61\" Name=\"Light List Accent 5\"/>\r\n  <w:LsdException Locked=\"false\" Priority=\"62\" Name=\"Light Grid Accent 5\"/>\r\n  <w:LsdException Locked=\"false\" Priority=\"63\" Name=\"Medium Shading 1 Accent 5\"/>\r\n  <w:LsdException Locked=\"false\" Priority=\"64\" Name=\"Medium Shading 2 Accent 5\"/>\r\n  <w:LsdException Locked=\"false\" Priority=\"65\" Name=\"Medium List 1 Accent 5\"/>\r\n  <w:LsdException Locked=\"false\" Priority=\"66\" Name=\"Medium List 2 Accent 5\"/>\r\n  <w:LsdException Locked=\"false\" Priority=\"67\" Name=\"Medium Grid 1 Accent 5\"/>\r\n  <w:LsdException Locked=\"false\" Priority=\"68\" Name=\"Medium Grid 2 Accent 5\"/>\r\n  <w:LsdException Locked=\"false\" Priority=\"69\" Name=\"Medium Grid 3 Accent 5\"/>\r\n  <w:LsdException Locked=\"false\" Priority=\"70\" Name=\"Dark List Accent 5\"/>\r\n  <w:LsdException Locked=\"false\" Priority=\"71\" Name=\"Colorful Shading Accent 5\"/>\r\n  <w:LsdException Locked=\"false\" Priority=\"72\" Name=\"Colorful List Accent 5\"/>\r\n  <w:LsdException Locked=\"false\" Priority=\"73\" Name=\"Colorful Grid Accent 5\"/>\r\n  <w:LsdException Locked=\"false\" Priority=\"60\" Name=\"Light Shading Accent 6\"/>\r\n  <w:LsdException Locked=\"false\" Priority=\"61\" Name=\"Light List Accent 6\"/>\r\n  <w:LsdException Locked=\"false\" Priority=\"62\" Name=\"Light Grid Accent 6\"/>\r\n  <w:LsdException Locked=\"false\" Priority=\"63\" Name=\"Medium Shading 1 Accent 6\"/>\r\n  <w:LsdException Locked=\"false\" Priority=\"64\" Name=\"Medium Shading 2 Accent 6\"/>\r\n  <w:LsdException Locked=\"false\" Priority=\"65\" Name=\"Medium List 1 Accent 6\"/>\r\n  <w:LsdException Locked=\"false\" Priority=\"66\" Name=\"Medium List 2 Accent 6\"/>\r\n  <w:LsdException Locked=\"false\" Priority=\"67\" Name=\"Medium Grid 1 Accent 6\"/>\r\n  <w:LsdException Locked=\"false\" Priority=\"68\" Name=\"Medium Grid 2 Accent 6\"/>\r\n  <w:LsdException Locked=\"false\" Priority=\"69\" Name=\"Medium Grid 3 Accent 6\"/>\r\n  <w:LsdException Locked=\"false\" Priority=\"70\" Name=\"Dark List Accent 6\"/>\r\n  <w:LsdException Locked=\"false\" Priority=\"71\" Name=\"Colorful Shading Accent 6\"/>\r\n  <w:LsdException Locked=\"false\" Priority=\"72\" Name=\"Colorful List Accent 6\"/>\r\n  <w:LsdException Locked=\"false\" Priority=\"73\" Name=\"Colorful Grid Accent 6\"/>\r\n  <w:LsdException Locked=\"false\" Priority=\"19\" QFormat=\"true\"\r\n   Name=\"Subtle Emphasis\"/>\r\n  <w:LsdException Locked=\"false\" Priority=\"21\" QFormat=\"true\"\r\n   Name=\"Intense Emphasis\"/>\r\n  <w:LsdException Locked=\"false\" Priority=\"31\" QFormat=\"true\"\r\n   Name=\"Subtle Reference\"/>\r\n  <w:LsdException Locked=\"false\" Priority=\"32\" QFormat=\"true\"\r\n   Name=\"Intense Reference\"/>\r\n  <w:LsdException Locked=\"false\" Priority=\"33\" QFormat=\"true\" Name=\"Book Title\"/>\r\n  <w:LsdException Locked=\"false\" Priority=\"37\" SemiHidden=\"true\"\r\n   UnhideWhenUsed=\"true\" Name=\"Bibliography\"/>\r\n  <w:LsdException Locked=\"false\" Priority=\"39\" SemiHidden=\"true\"\r\n   UnhideWhenUsed=\"true\" QFormat=\"true\" Name=\"TOC Heading\"/>\r\n  <w:LsdException Locked=\"false\" Priority=\"41\" Name=\"Plain Table 1\"/>\r\n  <w:LsdException Locked=\"false\" Priority=\"42\" Name=\"Plain Table 2\"/>\r\n  <w:LsdException Locked=\"false\" Priority=\"43\" Name=\"Plain Table 3\"/>\r\n  <w:LsdException Locked=\"false\" Priority=\"44\" Name=\"Plain Table 4\"/>\r\n  <w:LsdException Locked=\"false\" Priority=\"45\" Name=\"Plain Table 5\"/>\r\n  <w:LsdException Locked=\"false\" Priority=\"40\" Name=\"Grid Table Light\"/>\r\n  <w:LsdException Locked=\"false\" Priority=\"46\" Name=\"Grid Table 1 Light\"/>\r\n  <w:LsdException Locked=\"false\" Priority=\"47\" Name=\"Grid Table 2\"/>\r\n  <w:LsdException Locked=\"false\" Priority=\"48\" Name=\"Grid Table 3\"/>\r\n  <w:LsdException Locked=\"false\" Priority=\"49\" Name=\"Grid Table 4\"/>\r\n  <w:LsdException Locked=\"false\" Priority=\"50\" Name=\"Grid Table 5 Dark\"/>\r\n  <w:LsdException Locked=\"false\" Priority=\"51\" Name=\"Grid Table 6 Colorful\"/>\r\n  <w:LsdException Locked=\"false\" Priority=\"52\" Name=\"Grid Table 7 Colorful\"/>\r\n  <w:LsdException Locked=\"false\" Priority=\"46\"\r\n   Name=\"Grid Table 1 Light Accent 1\"/>\r\n  <w:LsdException Locked=\"false\" Priority=\"47\" Name=\"Grid Table 2 Accent 1\"/>\r\n  <w:LsdException Locked=\"false\" Priority=\"48\" Name=\"Grid Table 3 Accent 1\"/>\r\n  <w:LsdException Locked=\"false\" Priority=\"49\" Name=\"Grid Table 4 Accent 1\"/>\r\n  <w:LsdException Locked=\"false\" Priority=\"50\" Name=\"Grid Table 5 Dark Accent 1\"/>\r\n  <w:LsdException Locked=\"false\" Priority=\"51\"\r\n   Name=\"Grid Table 6 Colorful Accent 1\"/>\r\n  <w:LsdException Locked=\"false\" Priority=\"52\"\r\n   Name=\"Grid Table 7 Colorful Accent 1\"/>\r\n  <w:LsdException Locked=\"false\" Priority=\"46\"\r\n   Name=\"Grid Table 1 Light Accent 2\"/>\r\n  <w:LsdException Locked=\"false\" Priority=\"47\" Name=\"Grid Table 2 Accent 2\"/>\r\n  <w:LsdException Locked=\"false\" Priority=\"48\" Name=\"Grid Table 3 Accent 2\"/>\r\n  <w:LsdException Locked=\"false\" Priority=\"49\" Name=\"Grid Table 4 Accent 2\"/>\r\n  <w:LsdException Locked=\"false\" Priority=\"50\" Name=\"Grid Table 5 Dark Accent 2\"/>\r\n  <w:LsdException Locked=\"false\" Priority=\"51\"\r\n   Name=\"Grid Table 6 Colorful Accent 2\"/>\r\n  <w:LsdException Locked=\"false\" Priority=\"52\"\r\n   Name=\"Grid Table 7 Colorful Accent 2\"/>\r\n  <w:LsdException Locked=\"false\" Priority=\"46\"\r\n   Name=\"Grid Table 1 Light Accent 3\"/>\r\n  <w:LsdException Locked=\"false\" Priority=\"47\" Name=\"Grid Table 2 Accent 3\"/>\r\n  <w:LsdException Locked=\"false\" Priority=\"48\" Name=\"Grid Table 3 Accent 3\"/>\r\n  <w:LsdException Locked=\"false\" Priority=\"49\" Name=\"Grid Table 4 Accent 3\"/>\r\n  <w:LsdException Locked=\"false\" Priority=\"50\" Name=\"Grid Table 5 Dark Accent 3\"/>\r\n  <w:LsdException Locked=\"false\" Priority=\"51\"\r\n   Name=\"Grid Table 6 Colorful Accent 3\"/>\r\n  <w:LsdException Locked=\"false\" Priority=\"52\"\r\n   Name=\"Grid Table 7 Colorful Accent 3\"/>\r\n  <w:LsdException Locked=\"false\" Priority=\"46\"\r\n   Name=\"Grid Table 1 Light Accent 4\"/>\r\n  <w:LsdException Locked=\"false\" Priority=\"47\" Name=\"Grid Table 2 Accent 4\"/>\r\n  <w:LsdException Locked=\"false\" Priority=\"48\" Name=\"Grid Table 3 Accent 4\"/>\r\n  <w:LsdException Locked=\"false\" Priority=\"49\" Name=\"Grid Table 4 Accent 4\"/>\r\n  <w:LsdException Locked=\"false\" Priority=\"50\" Name=\"Grid Table 5 Dark Accent 4\"/>\r\n  <w:LsdException Locked=\"false\" Priority=\"51\"\r\n   Name=\"Grid Table 6 Colorful Accent 4\"/>\r\n  <w:LsdException Locked=\"false\" Priority=\"52\"\r\n   Name=\"Grid Table 7 Colorful Accent 4\"/>\r\n  <w:LsdException Locked=\"false\" Priority=\"46\"\r\n   Name=\"Grid Table 1 Light Accent 5\"/>\r\n  <w:LsdException Locked=\"false\" Priority=\"47\" Name=\"Grid Table 2 Accent 5\"/>\r\n  <w:LsdException Locked=\"false\" Priority=\"48\" Name=\"Grid Table 3 Accent 5\"/>\r\n  <w:LsdException Locked=\"false\" Priority=\"49\" Name=\"Grid Table 4 Accent 5\"/>\r\n  <w:LsdException Locked=\"false\" Priority=\"50\" Name=\"Grid Table 5 Dark Accent 5\"/>\r\n  <w:LsdException Locked=\"false\" Priority=\"51\"\r\n   Name=\"Grid Table 6 Colorful Accent 5\"/>\r\n  <w:LsdException Locked=\"false\" Priority=\"52\"\r\n   Name=\"Grid Table 7 Colorful Accent 5\"/>\r\n  <w:LsdException Locked=\"false\" Priority=\"46\"\r\n   Name=\"Grid Table 1 Light Accent 6\"/>\r\n  <w:LsdException Locked=\"false\" Priority=\"47\" Name=\"Grid Table 2 Accent 6\"/>\r\n  <w:LsdException Locked=\"false\" Priority=\"48\" Name=\"Grid Table 3 Accent 6\"/>\r\n  <w:LsdException Locked=\"false\" Priority=\"49\" Name=\"Grid Table 4 Accent 6\"/>\r\n  <w:LsdException Locked=\"false\" Priority=\"50\" Name=\"Grid Table 5 Dark Accent 6\"/>\r\n  <w:LsdException Locked=\"false\" Priority=\"51\"\r\n   Name=\"Grid Table 6 Colorful Accent 6\"/>\r\n  <w:LsdException Locked=\"false\" Priority=\"52\"\r\n   Name=\"Grid Table 7 Colorful Accent 6\"/>\r\n  <w:LsdException Locked=\"false\" Priority=\"46\" Name=\"List Table 1 Light\"/>\r\n  <w:LsdException Locked=\"false\" Priority=\"47\" Name=\"List Table 2\"/>\r\n  <w:LsdException Locked=\"false\" Priority=\"48\" Name=\"List Table 3\"/>\r\n  <w:LsdException Locked=\"false\" Priority=\"49\" Name=\"List Table 4\"/>\r\n  <w:LsdException Locked=\"false\" Priority=\"50\" Name=\"List Table 5 Dark\"/>\r\n  <w:LsdException Locked=\"false\" Priority=\"51\" Name=\"List Table 6 Colorful\"/>\r\n  <w:LsdException Locked=\"false\" Priority=\"52\" Name=\"List Table 7 Colorful\"/>\r\n  <w:LsdException Locked=\"false\" Priority=\"46\"\r\n   Name=\"List Table 1 Light Accent 1\"/>\r\n  <w:LsdException Locked=\"false\" Priority=\"47\" Name=\"List Table 2 Accent 1\"/>\r\n  <w:LsdException Locked=\"false\" Priority=\"48\" Name=\"List Table 3 Accent 1\"/>\r\n  <w:LsdException Locked=\"false\" Priority=\"49\" Name=\"List Table 4 Accent 1\"/>\r\n  <w:LsdException Locked=\"false\" Priority=\"50\" Name=\"List Table 5 Dark Accent 1\"/>\r\n  <w:LsdException Locked=\"false\" Priority=\"51\"\r\n   Name=\"List Table 6 Colorful Accent 1\"/>\r\n  <w:LsdException Locked=\"false\" Priority=\"52\"\r\n   Name=\"List Table 7 Colorful Accent 1\"/>\r\n  <w:LsdException Locked=\"false\" Priority=\"46\"\r\n   Name=\"List Table 1 Light Accent 2\"/>\r\n  <w:LsdException Locked=\"false\" Priority=\"47\" Name=\"List Table 2 Accent 2\"/>\r\n  <w:LsdException Locked=\"false\" Priority=\"48\" Name=\"List Table 3 Accent 2\"/>\r\n  <w:LsdException Locked=\"false\" Priority=\"49\" Name=\"List Table 4 Accent 2\"/>\r\n  <w:LsdException Locked=\"false\" Priority=\"50\" Name=\"List Table 5 Dark Accent 2\"/>\r\n  <w:LsdException Locked=\"false\" Priority=\"51\"\r\n   Name=\"List Table 6 Colorful Accent 2\"/>\r\n  <w:LsdException Locked=\"false\" Priority=\"52\"\r\n   Name=\"List Table 7 Colorful Accent 2\"/>\r\n  <w:LsdException Locked=\"false\" Priority=\"46\"\r\n   Name=\"List Table 1 Light Accent 3\"/>\r\n  <w:LsdException Locked=\"false\" Priority=\"47\" Name=\"List Table 2 Accent 3\"/>\r\n  <w:LsdException Locked=\"false\" Priority=\"48\" Name=\"List Table 3 Accent 3\"/>\r\n  <w:LsdException Locked=\"false\" Priority=\"49\" Name=\"List Table 4 Accent 3\"/>\r\n  <w:LsdException Locked=\"false\" Priority=\"50\" Name=\"List Table 5 Dark Accent 3\"/>\r\n  <w:LsdException Locked=\"false\" Priority=\"51\"\r\n   Name=\"List Table 6 Colorful Accent 3\"/>\r\n  <w:LsdException Locked=\"false\" Priority=\"52\"\r\n   Name=\"List Table 7 Colorful Accent 3\"/>\r\n  <w:LsdException Locked=\"false\" Priority=\"46\"\r\n   Name=\"List Table 1 Light Accent 4\"/>\r\n  <w:LsdException Locked=\"false\" Priority=\"47\" Name=\"List Table 2 Accent 4\"/>\r\n  <w:LsdException Locked=\"false\" Priority=\"48\" Name=\"List Table 3 Accent 4\"/>\r\n  <w:LsdException Locked=\"false\" Priority=\"49\" Name=\"List Table 4 Accent 4\"/>\r\n  <w:LsdException Locked=\"false\" Priority=\"50\" Name=\"List Table 5 Dark Accent 4\"/>\r\n  <w:LsdException Locked=\"false\" Priority=\"51\"\r\n   Name=\"List Table 6 Colorful Accent 4\"/>\r\n  <w:LsdException Locked=\"false\" Priority=\"52\"\r\n   Name=\"List Table 7 Colorful Accent 4\"/>\r\n  <w:LsdException Locked=\"false\" Priority=\"46\"\r\n   Name=\"List Table 1 Light Accent 5\"/>\r\n  <w:LsdException Locked=\"false\" Priority=\"47\" Name=\"List Table 2 Accent 5\"/>\r\n  <w:LsdException Locked=\"false\" Priority=\"48\" Name=\"List Table 3 Accent 5\"/>\r\n  <w:LsdException Locked=\"false\" Priority=\"49\" Name=\"List Table 4 Accent 5\"/>\r\n  <w:LsdException Locked=\"false\" Priority=\"50\" Name=\"List Table 5 Dark Accent 5\"/>\r\n  <w:LsdException Locked=\"false\" Priority=\"51\"\r\n   Name=\"List Table 6 Colorful Accent 5\"/>\r\n  <w:LsdException Locked=\"false\" Priority=\"52\"\r\n   Name=\"List Table 7 Colorful Accent 5\"/>\r\n  <w:LsdException Locked=\"false\" Priority=\"46\"\r\n   Name=\"List Table 1 Light Accent 6\"/>\r\n  <w:LsdException Locked=\"false\" Priority=\"47\" Name=\"List Table 2 Accent 6\"/>\r\n  <w:LsdException Locked=\"false\" Priority=\"48\" Name=\"List Table 3 Accent 6\"/>\r\n  <w:LsdException Locked=\"false\" Priority=\"49\" Name=\"List Table 4 Accent 6\"/>\r\n  <w:LsdException Locked=\"false\" Priority=\"50\" Name=\"List Table 5 Dark Accent 6\"/>\r\n  <w:LsdException Locked=\"false\" Priority=\"51\"\r\n   Name=\"List Table 6 Colorful Accent 6\"/>\r\n  <w:LsdException Locked=\"false\" Priority=\"52\"\r\n   Name=\"List Table 7 Colorful Accent 6\"/>\r\n </w:LatentStyles>\r\n</xml><![endif]--><!--[if gte mso 10]>\r\n<style>\r\n /* Style Definitions */\r\n table.MsoNormalTable\r\n	{mso-style-name:\"Normální tabulka\";\r\n	mso-tstyle-rowband-size:0;\r\n	mso-tstyle-colband-size:0;\r\n	mso-style-noshow:yes;\r\n	mso-style-priority:99;\r\n	mso-style-parent:\"\";\r\n	mso-padding-alt:0cm 5.4pt 0cm 5.4pt;\r\n	mso-para-margin-top:0cm;\r\n	mso-para-margin-right:0cm;\r\n	mso-para-margin-bottom:8.0pt;\r\n	mso-para-margin-left:0cm;\r\n	line-height:107%;\r\n	mso-pagination:widow-orphan;\r\n	font-size:11.0pt;\r\n	font-family:\"Calibri\",sans-serif;\r\n	mso-ascii-font-family:Calibri;\r\n	mso-ascii-theme-font:minor-latin;\r\n	mso-hansi-font-family:Calibri;\r\n	mso-hansi-theme-font:minor-latin;\r\n	mso-bidi-font-family:\"Times New Roman\";\r\n	mso-bidi-theme-font:minor-bidi;\r\n	mso-fareast-language:EN-US;}\r\n</style>\r\n<![endif]-->\r\n\r\n<p class=\"MsoNormal\"><b style=\"mso-bidi-font-weight:normal\">Asi každý cyklistický\r\nfanoušek zachytil výsledek nedávno proběhnuvšího monumentu Milano-Sanremo.\r\nTadej Pogačar na něm dojel na 3. místě, což pro něj bylo zklamání. Tento\r\nitalský monument mu totiž v jeho palmáres schází. Z pěti monumentů doposud\r\nslovinský fenomén nevyhrál už jen Paris-Roubaix, na němž ještě nikdy\r\nnestartoval. To se ale letos změní. Tadej Pogačar se totiž 13. dubna postaví na\r\nstart Pekla Severu!</b></p>\r\n\r\n<p class=\"MsoNormal\">Již na začátku této sezóny <b style=\"mso-bidi-font-weight:\r\nnormal\">Tadej zveřejnil na svém instagramu fotku, která pobouřila internet</b>.\r\nZ&nbsp;obrázků <span style=\"mso-spacerun:yes\">&nbsp;</span>bylo zřejmé, že si byl\r\nprojíždět trasu Paris-Roubaix. V tu chvíli ale tento závod v jeho kalendáři\r\nnefiguroval, takže se <b style=\"mso-bidi-font-weight:normal\">začalo spekulovat,\r\nzdali se přeci jen na start Pekla Severu nepostaví</b>.</p><p class=\"MsoNormal\"></p><p></p><div class=\"iframe\"><blockquote class=\"twitter-tweet\"><p lang=\"und\" dir=\"ltr\">OFFICIAL: Tadej Pogačar will ride Paris Roubaix 😍 <a href=\"https://t.co/5t1xiIz0jX\">https://t.co/5t1xiIz0jX</a> <a href=\"https://t.co/FkpWBtgtgf\">pic.twitter.com/FkpWBtgtgf</a></p>— Lukáš Ronald Lukács (@lucasaganronald) <a href=\"https://twitter.com/lucasaganronald/status/1904823872383229985?ref_src=twsrc%5Etfw\">March 26, 2025</a></blockquote> <script async=\"\" src=\"https://platform.twitter.com/widgets.js\" charset=\"utf-8\"></script> </div><br><p></p><p class=\"MsoNormal\"></p><p></p><p></p>\r\n\r\n<p class=\"MsoNormal\">Z&nbsp;nedávných vyjádření Pogačara a jeho týmu bylo cítit,\r\nže Slovinec se na start Pekla Severu chce postavit, ale <b style=\"mso-bidi-font-weight:\r\nnormal\">jeho tým se mu to snažil rozmluvit</b>. Paris-Roubaix je totiž z\r\nhlediska pádů jeden z nejnebezpečnějších závodů. Slovincův <b style=\"mso-bidi-font-weight:\r\nnormal\">tým UAE Emirates tak nechtěl riskovat zranění své nejlepší hvězdy.</b>\r\nPřípadné zranění by totiž mohlo narušit přípravu na Tour de France, což tým\r\npovažuje za vrchol sezóny.</p>\r\n\r\n<p class=\"MsoNormal\">Pogačar se ale nakonec se svým týmem dohodl na konsenzu. Ze\r\nsvého původního programu odstranil klasiky E3 Saxo a Gent-Wevelgem. Místo nich <b style=\"mso-bidi-font-weight:normal\">bylo Pogačarovi umožněno startovat na\r\nParis-Roubiax</b>. V programu rovněž zůstal monument Okolo Flander. <b style=\"mso-bidi-font-weight:normal\">Slovinskou hvězdu tak letos uvidíme na\r\nvšech pěti monumentech!</b></p><p class=\"MsoNormal\"><b style=\"mso-bidi-font-weight:normal\"></b></p><p></p><div class=\"iframe\"><iframe src=\"https://www.facebook.com/plugins/post.php?href=https%3A%2F%2Fwww.facebook.com%2Fcyclingnews%2Fposts%2Fpfbid02nX9BnwiKNefCPdpVoUKnhSjW7vpsFDXQFhSntJKC4iDgQQpLHd8DcagstbXXqA85l&amp;show_text=true&amp;width=500\" width=\"500\" height=\"615\" style=\"border:none;overflow:hidden\" scrolling=\"no\" frameborder=\"0\" allowfullscreen=\"true\" allow=\"autoplay; clipboard-write; encrypted-media; picture-in-picture; web-share\"></iframe></div><b style=\"mso-bidi-font-weight:normal\"><br></b><p></p><p class=\"MsoNormal\"><b style=\"mso-bidi-font-weight:normal\"></b></p><p></p><p></p>\r\n\r\n<p class=\"MsoNormal\"><b style=\"mso-bidi-font-weight:normal\">Myslíte si, že\r\nPogačar vyhraje Paris-Roubaix?</b></p><p class=\"MsoNormal\"><b style=\"mso-bidi-font-weight:normal\"><br></b></p>\r\n\r\n<p class=\"MsoNormal\">zdroj: uaeteamemirates.com</p>\r\n\r\n            ', 6, 'a-je-to-oficialni-tadej-pogacar-letos-pojede-paris-roubaix');
-- --------------------------------------------------------

--
-- Struktura tabulky `clanky_kategorie`
--

DROP TABLE IF EXISTS `clanky_kategorie`;
CREATE TABLE `clanky_kategorie` (
  `id` int(11) NOT NULL,
  `id_clanku` int(11) NOT NULL,
  `id_kategorie` int(11) NOT NULL
) ENGINE=InnoDB DEFAULT CHARSET=utf8mb4 COLLATE=utf8mb4_general_ci;
--
-- Vypisuji data pro tabulku `clanky_kategorie`
--

INSERT INTO `clanky_kategorie` (`id`, `id_clanku`, `id_kategorie`) VALUES
(1, 775, 2),
(2, 776, 3),
(3, 777, 1),
(4, 780, 1),
(5, 781, 1),
(6, 783, 1),
(7, 784, 1),
(8, 786, 1),
(9, 787, 2),
(10, 788, 3),
(11, 790, 1),
(12, 792, 3),
(13, 793, 2),
(14, 794, 3),
(15, 795, 3),
(16, 796, 1),
(17, 797, 3),
(18, 798, 2),
(19, 799, 3),
(20, 800, 2),
(21, 801, 1),
(22, 802, 3),
(23, 803, 1),
(24, 804, 3),
(25, 805, 3),
(26, 806, 3),
(27, 807, 2),
(28, 808, 1),
(29, 808, 3),
(30, 809, 3),
(31, 810, 3),
(32, 811, 3),
(33, 812, 1),
(34, 813, 1);
-- --------------------------------------------------------

--
-- Struktura tabulky `kategorie`
--

DROP TABLE IF EXISTS `kategorie`;
CREATE TABLE `kategorie` (
  `id` int(11) NOT NULL,
  `nazev_kategorie` varchar(255) NOT NULL,
  `url` varchar(255) NOT NULL
) ENGINE=InnoDB DEFAULT CHARSET=utf8mb4 COLLATE=utf8mb4_general_ci;
--
-- Vypisuji data pro tabulku `kategorie`
--

INSERT INTO `kategorie` (`id`, `nazev_kategorie`, `url`) VALUES
(1, 'Aktuality', 'aktuality'),
(2, 'Technika', 'technika'),
(3, 'Závody', 'zavody'),
(4, 'Videa', 'videa'),
(5, 'Běh', 'beh'),
(6, 'Nevybráno', 'nevybrano');
-- --------------------------------------------------------

--
-- Struktura tabulky `password_resets`
--

DROP TABLE IF EXISTS `password_resets`;
CREATE TABLE `password_resets` (
  `id` int(11) NOT NULL,
  `user_id` int(11) NOT NULL,
  `email` varchar(255) NOT NULL,
  `token` varchar(64) NOT NULL,
  `expires_at` datetime NOT NULL
) ENGINE=InnoDB DEFAULT CHARSET=utf8mb4 COLLATE=utf8mb4_general_ci;
-- --------------------------------------------------------

--
-- Struktura tabulky `propagace`
--

DROP TABLE IF EXISTS `propagace`;
CREATE TABLE `propagace` (
  `id` int(11) NOT NULL,
  `id_clanku` int(11) NOT NULL,
  `user_id` int(11) NOT NULL,
  `zacatek` datetime NOT NULL,
  `konec` datetime NOT NULL
) ENGINE=InnoDB DEFAULT CHARSET=utf8mb4 COLLATE=utf8mb4_general_ci;
--
-- Vypisuji data pro tabulku `propagace`
--

INSERT INTO `propagace` (`id`, `id_clanku`, `user_id`, `zacatek`, `konec`) VALUES
(1, 787, 0, '2025-03-16 20:00:00', '2025-03-23 20:00:00');
-- --------------------------------------------------------

--
-- Struktura tabulky `socials`
--

DROP TABLE IF EXISTS `socials`;
CREATE TABLE `socials` (
  `id` int(11) NOT NULL,
  `fa_class` varchar(255) NOT NULL,
  `nazev` varchar(255) NOT NULL
) ENGINE=InnoDB DEFAULT CHARSET=utf8mb4 COLLATE=utf8mb4_general_ci;
--
-- Vypisuji data pro tabulku `socials`
--

INSERT INTO `socials` (`id`, `fa_class`, `nazev`) VALUES
(1, 'fa-brands fa-instagram', 'Instagram\r\n'),
(2, 'fa-brands fa-x-twitter', 'Twitter'),
(3, 'fa-brands fa-strava', 'Strava'),
(4, 'fa-brands fa-facebook', 'Facebook'),
(6, 'fa-brands fa-youtube', 'Youtube'),
(7, 'fa-brands fa-tiktok', 'TikTok');
-- --------------------------------------------------------

--
-- Struktura tabulky `users`
--

DROP TABLE IF EXISTS `users`;
CREATE TABLE `users` (
  `id` int(11) NOT NULL,
  `email` varchar(255) NOT NULL,
  `heslo` varchar(255) NOT NULL,
  `role` tinyint(1) NOT NULL,
  `name` varchar(255) NOT NULL,
  `surname` varchar(255) NOT NULL,
  `profil_foto` varchar(255) NOT NULL,
  `popis` text NOT NULL,
  `datum` date DEFAULT NULL
) ENGINE=InnoDB DEFAULT CHARSET=utf8mb4 COLLATE=utf8mb4_general_ci;
--
-- Vypisuji data pro tabulku `users`
--

INSERT INTO `users` (`id`, `email`, `heslo`, `role`, `name`, `surname`, `profil_foto`, `popis`, `datum`) VALUES
(1, 'jsem@cyklistickey.cz', '$2y$10$176NLZchKjy3.c0a/5Cd2.JO.DSP7pRDdNS4zAvmygf395st2i.9O', 1, 'Redakce', 'Cyklistickey', 'logo.png', 'Cyklistickey tvoří nejkomplexnější cyklistický obsah a sdružuje nejširší komunitu cyklistů u nás', '2023-07-31'),
(2, 'onvin@seznam.cz', '$2y$10$ddMXfXb5Mi.s1V9ejr4jeuvtCy0SZNhxV0iEmNFN0JrdrYojhBqi6', 3, 'Ondřej', 'Vincenc', 'DevislExtremeRace2021_24.jpg', '<p>CEO of cyklistickey.cz <br><br>Smažu ti &uacute;čet, jestli mě bude&scaron; sr&aacute;t!</p>', '2005-12-06'),
(3, 'dominiknousek@gmail.com', '$2y$10$InPZA7Bst8U8.R7n8WelHOR5OzbmR455Y2/bAH5crQKtmjguB4FFW', 2, 'Dominik', 'Petrnoušek', 'IMG_3510.JPG', 'Do 15 jsem byl tlustej kluk u počítače. Pak jsem objevil kolo. Brzo jsem ale pochopil, že moje výkony mě vážně neuživí. Tak jsem si z toho radši začal dělat srandu na internetu. A tak vznikl Cyklistickey', '1999-12-07'),
(4, 'honza-valis@seznam.cz', '$2y$10$5djj63Foflta4F9Ol7FKW.8V3NQNA5xYkDP8xr9ElNmLGh.ExU5da', 1, 'Honza', 'Vališ', '1000006372.jpg', 'Dříč. Garderobiér. Toho času na off season. ', '0000-00-00'),
(5, 'vojta.dusanek@seznam.cz', '$2y$10$8FA3rPlaGRIQQRIxG5vbIefpXEvqfmgNqNE3l4wZwE2ZKTXaVwgj.', 1, 'Vojtěch', 'Dušánek', 'DSCN5640.JPG', 'Jmenuju se sice Vojta, ale v redakci mi nikdo neřekne jinak než Véna. Kolo mě provází vedle dalších sportů od útlého dětství, nicméně v posledních pár letech jsem tomu propadl úplně. Na Cyklistickým se věnuji hlavně psaní článků.', '2006-05-31'),
(6, 'vojta.dusanek@seznam.cz', '$2y$10$8FA3rPlaGRIQQRIxG5vbIefpXEvqfmgNqNE3l4wZwE2ZKTXaVwgj.', 1, 'Vojtěch', 'Dušánek', 'DSCN5640.JPG', 'Jmenuju se sice Vojta, ale v redakci mi nikdo neřekne jinak než Véna. Kolo mě provází vedle dalších sportů od útlého dětství, nicméně v posledních pár letech jsem tomu propadl úplně. Na Cyklistickým se věnuji hlavně psaní článků.', '2006-05-31'),
(7, 'halasv17@gmail.com', '$2y$10$16olSu9fJcpag3v2YEz/ReMHWMQrRWgIk7HoKaKm5gVQl402kXsFy', 1, 'Václav', 'Halás', '1000004907.jpg', 'Ano, taky zbožňuji cyklistiku, jako všichni, kteří navštěvují tenhle web. Ale pozor, některé její odvětví mám radši než ty ostatní. Sám jsem závodníkem a rád se porovnávám s ostatními v maratonských závodech. Naopak enduro a downhill jsou pro mě španělskou vesnicí.', '2007-04-27'),
(8, 'steveosyka@gmail.com', '$2y$10$apu42E.qtY7ikYJljAan7.a7RwxW0R9jMHH5FHl7dpu9g33/NLz0u', 2, 'Steve', 'Osyka', 'unnamed.jpg', 'Cokoliv je na webu špatně, jde za Ondřejem', '2005-10-20'),
(9, 'tjomj285@gmail.com', '$2y$10$yoN8gv2A9aFDvniIC2gqdeYHFnrtXxc6rKdOZHFwo9qewfIVlGeLe', 1, 'Tomáš', 'Janoušek', '317139700_201818415634855_4413269477632676061_n.jpg', 'Prostě Tomáš ze ShredShow 😏', '2005-05-28'),
(12, 'admin@cyklistickey.cz', '$2y$10$3OBC1VNalqPC71i/DZqn6.V453K/fprJRvJYtxV21rMYLtNMq8Z4m', 3, 'Admin', 'Cyklistickey', '', '', NULL),
(13, 'editor@cyklistickey.cz', '$2y$10$cQYITl5/vYk.PNU5wDJ0HObGPJMs.gRY8G03ffpFkeGOsI908.7X.', 2, 'Editor', 'Cyklistickey', '', '', NULL),
(14, 'redaktor@cyklistickey.cz', '$2y$10$ioMlZZG6mjTInUg4aY4TKeCRq.Q4LTEFXQQQqa1s9e9v1FC92LoYC', 1, 'Redaktor', 'Cyklistickey', '', '', NULL);
-- --------------------------------------------------------

--
-- Struktura tabulky `user_social`
--

DROP TABLE IF EXISTS `user_social`;
CREATE TABLE `user_social` (
  `id` int(11) NOT NULL,
  `user_id` int(11) NOT NULL,
  `social_id` int(11) NOT NULL,
  `link` varchar(255) NOT NULL
) ENGINE=InnoDB DEFAULT CHARSET=utf8mb4 COLLATE=utf8mb4_general_ci;
--
-- Vypisuji data pro tabulku `user_social`
--

INSERT INTO `user_social` (`id`, `user_id`, `social_id`, `link`) VALUES
(1, 0, 1, 'https://www.instagram.com/cyklistickey/'),
(2, 0, 3, 'https://www.strava.com/clubs/Cyklistickey'),
(3, 1, 1, 'https://www.instagram.com/onvin_/'),
(4, 1, 3, 'https://www.strava.com/athletes/66757626'),
(5, 2, 1, 'https://www.instagram.com/dominik_nousek/'),
(6, 2, 3, 'https://www.strava.com/athletes/11004516'),
(7, 3, 1, 'https://www.instagram.com/bohemiancyclingboi/'),
(8, 3, 3, 'https://strava.app.link/7f2SLxoG4Hb'),
(9, 4, 1, 'https://www.instagram.com/vojtechdusanek_/'),
(10, 4, 2, 'https://twitter.com/Skodavrs2'),
(11, 4, 3, 'https://www.strava.com/athletes/55634976'),
(12, 6, 1, 'https://www.instagram.com/vencaless/'),
(13, 6, 2, 'https://twitter.com/cykloblud'),
(14, 6, 3, 'https://www.strava.com/athletes/71100461'),
(15, 7, 1, 'https://www.instagram.com/noosevets/'),
(16, 7, 2, 'steveosyka@gmail.com'),
(17, 7, 3, 'https://www.strava.com/athletes/119805496'),
(18, 8, 1, 'https://www.instagram.com/janousekkk/'),
(19, 8, 3, 'https://www.strava.com/athletes/60938880'),
(20, 9, 1, 'https://www.instagram.com/tobias_horejsi/'),
(21, 9, 3, 'https://www.strava.com/athletes/39417103');
-- --------------------------------------------------------

--
-- Struktura tabulky `views_clanku`
--

DROP TABLE IF EXISTS `views_clanku`;
CREATE TABLE `views_clanku` (
  `id` int(11) NOT NULL,
  `id_clanku` int(11) NOT NULL,
  `pocet` int(11) NOT NULL DEFAULT 0,
  `datum` date NOT NULL
) ENGINE=InnoDB DEFAULT CHARSET=utf8mb4 COLLATE=utf8mb4_general_ci;
--
-- Vypisuji data pro tabulku `views_clanku`
--

INSERT INTO `views_clanku` (`id`, `id_clanku`, `pocet`, `datum`) VALUES
(1, 775, 3, '2025-02-28'),
(2, 775, 212, '2025-03-01'),
(3, 775, 31, '2025-03-02'),
(4, 775, 15, '2025-03-03'),
(5, 775, 10, '2025-03-04'),
(6, 775, 5, '2025-03-05'),
(7, 775, 6, '2025-03-06'),
(8, 775, 9, '2025-03-07'),
(9, 775, 8, '2025-03-08'),
(10, 775, 3, '2025-03-09'),
(11, 775, 5, '2025-03-10'),
(12, 775, 2, '2025-03-11'),
(13, 775, 10, '2025-03-12'),
(14, 775, 8, '2025-03-13'),
(15, 775, 11, '2025-03-14'),
(16, 775, 5, '2025-03-15'),
(17, 775, 2, '2025-03-16'),
(18, 775, 3, '2025-03-17'),
(19, 775, 1, '2025-03-18'),
(20, 775, 2, '2025-03-19'),
(21, 775, 3, '2025-03-21'),
(22, 775, 2, '2025-03-22'),
(23, 775, 2, '2025-03-23'),
(24, 775, 2, '2025-03-24'),
(25, 775, 2, '2025-03-25'),
(26, 776, 8, '2025-03-03'),
(27, 776, 4, '2025-03-04'),
(28, 776, 2, '2025-03-05'),
(29, 776, 1, '2025-03-07'),
(30, 776, 1, '2025-03-08'),
(31, 776, 1, '2025-03-10'),
(32, 776, 1, '2025-03-14'),
(33, 776, 1, '2025-03-15'),
(34, 776, 1, '2025-03-16'),
(35, 776, 1, '2025-03-17'),
(36, 776, 1, '2025-03-19'),
(37, 776, 5, '2025-03-21'),
(38, 776, 1, '2025-03-22'),
(39, 776, 1, '2025-03-23'),
(40, 776, 2, '2025-03-24'),
(41, 776, 1, '2025-03-26'),
(42, 777, 2, '2025-03-02'),
(43, 777, 3, '2025-03-03'),
(44, 777, 1, '2025-03-04'),
(45, 777, 2, '2025-03-13'),
(46, 777, 1, '2025-03-15'),
(47, 777, 1, '2025-03-17'),
(48, 777, 2, '2025-03-20'),
(49, 777, 2, '2025-03-22'),
(50, 777, 1, '2025-03-24'),
(51, 780, 8, '2025-03-03'),
(52, 780, 42, '2025-03-04'),
(53, 780, 31, '2025-03-05'),
(54, 780, 3, '2025-03-06'),
(55, 780, 3, '2025-03-07'),
(56, 780, 2, '2025-03-08'),
(57, 780, 1, '2025-03-10'),
(58, 780, 1, '2025-03-11'),
(59, 780, 1, '2025-03-16'),
(60, 780, 1, '2025-03-19'),
(61, 780, 3, '2025-03-21'),
(62, 780, 1, '2025-03-22'),
(63, 780, 1, '2025-03-23'),
(64, 780, 1, '2025-03-24'),
(65, 780, 1, '2025-03-25'),
(66, 780, 1, '2025-03-27'),
(67, 781, 2, '2025-03-03'),
(68, 781, 15, '2025-03-04'),
(69, 781, 4, '2025-03-05'),
(70, 781, 3, '2025-03-06'),
(71, 781, 4, '2025-03-07'),
(72, 781, 1, '2025-03-10'),
(73, 781, 1, '2025-03-13'),
(74, 781, 2, '2025-03-16'),
(75, 781, 1, '2025-03-18'),
(76, 781, 1, '2025-03-19'),
(77, 781, 4, '2025-03-21'),
(78, 781, 3, '2025-03-22'),
(79, 781, 2, '2025-03-24'),
(80, 781, 1, '2025-03-26'),
(81, 783, 4, '2025-03-04'),
(82, 783, 55, '2025-03-05'),
(83, 783, 19, '2025-03-06'),
(84, 783, 6, '2025-03-07'),
(85, 783, 4, '2025-03-08'),
(86, 783, 2, '2025-03-09'),
(87, 783, 3, '2025-03-10'),
(88, 783, 2, '2025-03-11'),
(89, 783, 2, '2025-03-12'),
(90, 783, 2, '2025-03-13'),
(91, 783, 8, '2025-03-14'),
(92, 783, 4, '2025-03-15'),
(93, 783, 4, '2025-03-16'),
(94, 783, 1, '2025-03-17'),
(95, 783, 3, '2025-03-18'),
(96, 783, 1, '2025-03-19'),
(97, 783, 4, '2025-03-21'),
(98, 783, 1, '2025-03-22'),
(99, 783, 3, '2025-03-24'),
(100, 783, 1, '2025-03-26'),
(101, 784, 1, '2025-03-06'),
(102, 784, 29, '2025-03-07'),
(103, 784, 29, '2025-03-08'),
(104, 784, 8, '2025-03-09'),
(105, 784, 4, '2025-03-10'),
(106, 784, 3, '2025-03-11'),
(107, 784, 3, '2025-03-12'),
(108, 784, 4, '2025-03-13'),
(109, 784, 2, '2025-03-15'),
(110, 784, 1, '2025-03-16'),
(111, 784, 2, '2025-03-17'),
(112, 784, 4, '2025-03-19'),
(113, 784, 4, '2025-03-21'),
(114, 784, 5, '2025-03-24'),
(115, 784, 1, '2025-03-26'),
(116, 784, 3, '2025-03-27'),
(117, 785, 136, '2025-03-07'),
(118, 785, 67, '2025-03-08'),
(119, 785, 12, '2025-03-09'),
(120, 785, 11, '2025-03-10'),
(121, 785, 6, '2025-03-11'),
(122, 785, 2, '2025-03-12'),
(123, 785, 1, '2025-03-13'),
(124, 785, 1, '2025-03-16'),
(125, 785, 1, '2025-03-17'),
(126, 785, 1, '2025-03-18'),
(127, 785, 1, '2025-03-20'),
(128, 785, 1, '2025-03-21'),
(129, 785, 2, '2025-03-22'),
(130, 785, 1, '2025-03-25'),
(131, 785, 1, '2025-03-26'),
(132, 786, 9, '2025-03-07'),
(133, 786, 6, '2025-03-08'),
(134, 786, 9, '2025-03-09'),
(135, 786, 10, '2025-03-10'),
(136, 786, 5, '2025-03-11'),
(137, 786, 2, '2025-03-12'),
(138, 786, 1, '2025-03-13'),
(139, 786, 1, '2025-03-14'),
(140, 786, 2, '2025-03-15'),
(141, 786, 3, '2025-03-16'),
(142, 786, 5, '2025-03-17'),
(143, 786, 3, '2025-03-18'),
(144, 786, 1, '2025-03-19'),
(145, 786, 2, '2025-03-20'),
(146, 786, 5, '2025-03-21'),
(147, 786, 2, '2025-03-22'),
(148, 786, 2, '2025-03-24'),
(149, 786, 2, '2025-03-25'),
(150, 786, 1, '2025-03-26'),
(151, 786, 1, '2025-03-27'),
(152, 787, 13, '2025-03-12'),
(153, 787, 26, '2025-03-13'),
(154, 787, 8, '2025-03-14'),
(155, 787, 9, '2025-03-15'),
(156, 787, 7, '2025-03-16'),
(157, 787, 3, '2025-03-17'),
(158, 787, 3, '2025-03-18'),
(159, 787, 3, '2025-03-19'),
(160, 787, 3, '2025-03-20'),
(161, 787, 5, '2025-03-21'),
(162, 787, 1, '2025-03-22'),
(163, 787, 1, '2025-03-23'),
(164, 787, 1, '2025-03-24'),
(165, 787, 1, '2025-03-25'),
(166, 787, 1, '2025-03-26'),
(167, 787, 1, '2025-03-27'),
(168, 788, 22, '2025-03-09'),
(169, 788, 13, '2025-03-10'),
(170, 788, 10, '2025-03-11'),
(171, 788, 2, '2025-03-12'),
(172, 788, 3, '2025-03-17'),
(173, 788, 1, '2025-03-19'),
(174, 788, 2, '2025-03-20'),
(175, 788, 3, '2025-03-21'),
(176, 788, 2, '2025-03-22'),
(177, 788, 3, '2025-03-24'),
(178, 788, 1, '2025-03-25'),
(179, 788, 1, '2025-03-26'),
(180, 788, 1, '2025-03-27'),
(181, 790, 1, '2025-03-08'),
(182, 790, 16, '2025-03-09'),
(183, 790, 6, '2025-03-10'),
(184, 790, 2, '2025-03-11'),
(185, 790, 1, '2025-03-12'),
(186, 790, 1, '2025-03-13'),
(187, 790, 2, '2025-03-14'),
(188, 790, 2, '2025-03-15'),
(189, 790, 1, '2025-03-16'),
(190, 790, 2, '2025-03-17'),
(191, 790, 1, '2025-03-19'),
(192, 790, 1, '2025-03-20'),
(193, 790, 3, '2025-03-21'),
(194, 790, 1, '2025-03-22'),
(195, 790, 1, '2025-03-24'),
(196, 790, 2, '2025-03-25'),
(197, 790, 1, '2025-03-27'),
(198, 792, 4, '2025-03-10'),
(199, 792, 5, '2025-03-11'),
(200, 792, 1, '2025-03-12'),
(201, 792, 1, '2025-03-14'),
(202, 792, 1, '2025-03-16'),
(203, 792, 1, '2025-03-20'),
(204, 792, 3, '2025-03-21'),
(205, 792, 1, '2025-03-24'),
(206, 792, 1, '2025-03-26'),
(207, 793, 29, '2025-03-11'),
(208, 793, 19, '2025-03-12'),
(209, 793, 3, '2025-03-13'),
(210, 793, 5, '2025-03-14'),
(211, 793, 3, '2025-03-15'),
(212, 793, 1, '2025-03-16'),
(213, 793, 7, '2025-03-17'),
(214, 793, 3, '2025-03-18'),
(215, 793, 3, '2025-03-19'),
(216, 793, 2, '2025-03-20'),
(217, 793, 3, '2025-03-21'),
(218, 793, 2, '2025-03-24'),
(219, 793, 2, '2025-03-25'),
(220, 793, 2, '2025-03-26'),
(221, 793, 1, '2025-03-27'),
(222, 794, 8, '2025-03-11'),
(223, 794, 7, '2025-03-12'),
(224, 794, 1, '2025-03-13'),
(225, 794, 2, '2025-03-15'),
(226, 794, 1, '2025-03-16'),
(227, 794, 1, '2025-03-17'),
(228, 794, 2, '2025-03-19'),
(229, 794, 4, '2025-03-21'),
(230, 794, 2, '2025-03-24'),
(231, 795, 2, '2025-03-11'),
(232, 795, 10, '2025-03-12'),
(233, 795, 3, '2025-03-13'),
(234, 795, 3, '2025-03-15'),
(235, 795, 2, '2025-03-16'),
(236, 795, 1, '2025-03-17'),
(237, 795, 1, '2025-03-19'),
(238, 795, 4, '2025-03-21'),
(239, 795, 2, '2025-03-22'),
(240, 795, 2, '2025-03-24'),
(241, 795, 1, '2025-03-27'),
(242, 796, 10, '2025-03-12'),
(243, 796, 14, '2025-03-13'),
(244, 796, 2, '2025-03-14'),
(245, 796, 4, '2025-03-15'),
(246, 796, 5, '2025-03-16'),
(247, 796, 2, '2025-03-17'),
(248, 796, 1, '2025-03-19'),
(249, 796, 4, '2025-03-21'),
(250, 796, 2, '2025-03-22'),
(251, 796, 1, '2025-03-23'),
(252, 796, 1, '2025-03-24'),
(253, 796, 1, '2025-03-25'),
(254, 796, 3, '2025-03-26'),
(255, 797, 4, '2025-03-12'),
(256, 797, 6, '2025-03-13'),
(257, 797, 3, '2025-03-15'),
(258, 797, 3, '2025-03-16'),
(259, 797, 2, '2025-03-17'),
(260, 797, 1, '2025-03-19'),
(261, 797, 1, '2025-03-20'),
(262, 797, 4, '2025-03-21'),
(263, 797, 2, '2025-03-22'),
(264, 797, 3, '2025-03-24'),
(265, 798, 4, '2025-03-14'),
(266, 798, 6, '2025-03-15'),
(267, 798, 2, '2025-03-16'),
(268, 798, 5, '2025-03-17'),
(269, 798, 3, '2025-03-18'),
(270, 798, 5, '2025-03-19'),
(271, 798, 1, '2025-03-20'),
(272, 798, 3, '2025-03-21'),
(273, 798, 1, '2025-03-22'),
(274, 798, 1, '2025-03-23'),
(275, 798, 3, '2025-03-24'),
(276, 798, 1, '2025-03-25'),
(277, 798, 2, '2025-03-26'),
(278, 798, 4, '2025-03-27'),
(279, 799, 6, '2025-03-13'),
(280, 799, 5, '2025-03-14'),
(281, 799, 1, '2025-03-15'),
(282, 799, 5, '2025-03-16'),
(283, 799, 1, '2025-03-20'),
(284, 799, 3, '2025-03-21'),
(285, 799, 2, '2025-03-24'),
(286, 800, 86, '2025-03-14'),
(287, 800, 148, '2025-03-15'),
(288, 800, 21, '2025-03-16'),
(289, 800, 30, '2025-03-17'),
(290, 800, 14, '2025-03-18'),
(291, 800, 9, '2025-03-19'),
(292, 800, 6, '2025-03-20'),
(293, 800, 19, '2025-03-21'),
(294, 800, 8, '2025-03-22'),
(295, 800, 11, '2025-03-23'),
(296, 800, 9, '2025-03-24'),
(297, 800, 4, '2025-03-26'),
(298, 801, 10, '2025-03-16'),
(299, 801, 8, '2025-03-17'),
(300, 801, 1, '2025-03-18'),
(301, 801, 3, '2025-03-19'),
(302, 801, 3, '2025-03-20'),
(303, 801, 3, '2025-03-21'),
(304, 801, 1, '2025-03-22'),
(305, 801, 1, '2025-03-23'),
(306, 801, 1, '2025-03-24'),
(307, 801, 3, '2025-03-25'),
(308, 802, 3, '2025-03-16'),
(309, 802, 8, '2025-03-17'),
(310, 802, 4, '2025-03-18'),
(311, 802, 2, '2025-03-19'),
(312, 802, 2, '2025-03-20'),
(313, 802, 3, '2025-03-21'),
(314, 802, 1, '2025-03-22'),
(315, 802, 1, '2025-03-24'),
(316, 802, 1, '2025-03-25'),
(317, 803, 8, '2025-03-18'),
(318, 803, 9, '2025-03-19'),
(319, 803, 3, '2025-03-20'),
(320, 803, 5, '2025-03-21'),
(321, 803, 2, '2025-03-22'),
(322, 803, 2, '2025-03-23'),
(323, 803, 2, '2025-03-24'),
(324, 803, 1, '2025-03-25'),
(325, 803, 1, '2025-03-26'),
(326, 803, 4, '2025-03-27'),
(327, 804, 1, '2025-03-19'),
(328, 804, 13, '2025-03-20'),
(329, 804, 6, '2025-03-21'),
(330, 804, 1, '2025-03-23'),
(331, 804, 1, '2025-03-26'),
(332, 805, 10, '2025-03-20'),
(333, 805, 8, '2025-03-21'),
(334, 805, 2, '2025-03-22'),
(335, 805, 1, '2025-03-25'),
(336, 805, 1, '2025-03-27'),
(337, 806, 2, '2025-03-21'),
(338, 806, 10, '2025-03-22'),
(339, 806, 5, '2025-03-23'),
(340, 806, 3, '2025-03-24'),
(341, 806, 1, '2025-03-25'),
(342, 807, 4, '2025-03-21'),
(343, 807, 119, '2025-03-22'),
(344, 807, 135, '2025-03-23'),
(345, 807, 8, '2025-03-24'),
(346, 807, 2, '2025-03-25'),
(347, 807, 10, '2025-03-26'),
(348, 807, 9, '2025-03-27'),
(349, 808, 19, '2025-03-22'),
(350, 808, 15, '2025-03-23'),
(351, 808, 3, '2025-03-24'),
(352, 808, 1, '2025-03-26'),
(353, 808, 4, '2025-03-27'),
(354, 809, 27, '2025-03-22'),
(355, 809, 25, '2025-03-23'),
(356, 809, 8, '2025-03-24'),
(357, 809, 1, '2025-03-25'),
(358, 809, 4, '2025-03-26'),
(359, 809, 3, '2025-03-27'),
(360, 810, 8, '2025-03-22'),
(361, 810, 9, '2025-03-23'),
(362, 810, 7, '2025-03-24'),
(363, 810, 1, '2025-03-25'),
(364, 810, 1, '2025-03-27'),
(365, 811, 9, '2025-03-23'),
(366, 811, 14, '2025-03-24'),
(367, 811, 4, '2025-03-25'),
(368, 811, 4, '2025-03-26'),
(369, 811, 1, '2025-03-27'),
(370, 812, 1, '2025-03-25'),
(371, 812, 9, '2025-03-26'),
(372, 812, 3, '2025-03-27'),
(373, 813, 61, '2025-03-26'),
(374, 813, 25, '2025-03-27'),
(375, 811, 1, '2025-03-28'),
(376, 813, 1, '2025-03-28'),
(377, 787, 1, '2025-03-28'),
(378, 801, 1, '2025-03-28');
--
-- Indexy pro exportované tabulky
--

--
-- Indexy pro tabulku `admin_access`
--
ALTER TABLE `admin_access`
  ADD PRIMARY KEY (`id`);
--
-- Indexy pro tabulku `admin_access_logs`
--
ALTER TABLE `admin_access_logs`
  ADD PRIMARY KEY (`id`),
  ADD KEY `FK_admin_access_logs_to_users` (`changed_by`);
--
-- Indexy pro tabulku `clanky`
--
ALTER TABLE `clanky`
  ADD PRIMARY KEY (`id`),
  ADD KEY `idx_user_id_clanky` (`user_id`);
--
-- Indexy pro tabulku `clanky_kategorie`
--
ALTER TABLE `clanky_kategorie`
  ADD PRIMARY KEY (`id`),
  ADD KEY `FK_clanky_TO_clanky_kategorie` (`id_clanku`),
  ADD KEY `idx_id_kategorie_clanky_kategorie` (`id_kategorie`);
--
-- Indexy pro tabulku `kategorie`
--
ALTER TABLE `kategorie`
  ADD PRIMARY KEY (`id`);
--
-- Indexy pro tabulku `password_resets`
--
ALTER TABLE `password_resets`
  ADD PRIMARY KEY (`id`),
  ADD KEY `idx_user_id_password_resets` (`user_id`);
--
-- Indexy pro tabulku `propagace`
--
ALTER TABLE `propagace`
  ADD PRIMARY KEY (`id`),
  ADD KEY `FK_users_TO_propagace` (`user_id`),
  ADD KEY `idx_id_clanku_propagace` (`id_clanku`);
--
-- Indexy pro tabulku `socials`
--
ALTER TABLE `socials`
  ADD PRIMARY KEY (`id`);
--
-- Indexy pro tabulku `users`
--
ALTER TABLE `users`
  ADD PRIMARY KEY (`id`);
--
-- Indexy pro tabulku `user_social`
--
ALTER TABLE `user_social`
  ADD PRIMARY KEY (`id`),
  ADD KEY `FK_socials_TO_user_social` (`social_id`);
--
-- Indexy pro tabulku `views_clanku`
--
ALTER TABLE `views_clanku`
  ADD PRIMARY KEY (`id`),
  ADD KEY `idx_fk_clanek_views_clanku` (`id_clanku`);
--
-- AUTO_INCREMENT pro tabulky
--

--
-- AUTO_INCREMENT pro tabulku `admin_access`
--
ALTER TABLE `admin_access`
  MODIFY `id` int(11) NOT NULL AUTO_INCREMENT, AUTO_INCREMENT=54;
--
-- AUTO_INCREMENT pro tabulku `admin_access_logs`
--
ALTER TABLE `admin_access_logs`
  MODIFY `id` int(11) NOT NULL AUTO_INCREMENT, AUTO_INCREMENT=2;
--
-- AUTO_INCREMENT pro tabulku `clanky`
--
ALTER TABLE `clanky`
  MODIFY `id` int(11) NOT NULL AUTO_INCREMENT, AUTO_INCREMENT=814;
--
-- AUTO_INCREMENT pro tabulku `clanky_kategorie`
--
ALTER TABLE `clanky_kategorie`
  MODIFY `id` int(11) NOT NULL AUTO_INCREMENT, AUTO_INCREMENT=35;
--
-- AUTO_INCREMENT pro tabulku `kategorie`
--
ALTER TABLE `kategorie`
  MODIFY `id` int(11) NOT NULL AUTO_INCREMENT, AUTO_INCREMENT=7;
--
-- AUTO_INCREMENT pro tabulku `password_resets`
--
ALTER TABLE `password_resets`
  MODIFY `id` int(11) NOT NULL AUTO_INCREMENT, AUTO_INCREMENT=19;
--
-- AUTO_INCREMENT pro tabulku `propagace`
--
ALTER TABLE `propagace`
  MODIFY `id` int(11) NOT NULL AUTO_INCREMENT, AUTO_INCREMENT=2;
--
-- AUTO_INCREMENT pro tabulku `socials`
--
ALTER TABLE `socials`
  MODIFY `id` int(11) NOT NULL AUTO_INCREMENT, AUTO_INCREMENT=9;
--
-- AUTO_INCREMENT pro tabulku `users`
--
ALTER TABLE `users`
  MODIFY `id` int(11) NOT NULL AUTO_INCREMENT, AUTO_INCREMENT=16;
--
-- AUTO_INCREMENT pro tabulku `user_social`
--
ALTER TABLE `user_social`
  MODIFY `id` int(11) NOT NULL AUTO_INCREMENT, AUTO_INCREMENT=22;
--
-- AUTO_INCREMENT pro tabulku `views_clanku`
--
ALTER TABLE `views_clanku`
  MODIFY `id` int(11) NOT NULL AUTO_INCREMENT, AUTO_INCREMENT=379;
--
-- Omezení pro exportované tabulky
--

--
-- Omezení pro tabulku `admin_access_logs`
--
ALTER TABLE `admin_access_logs`
  ADD CONSTRAINT `FK_admin_access_logs_to_users` FOREIGN KEY (`changed_by`) REFERENCES `users` (`id`);
--
-- Omezení pro tabulku `clanky`
--
ALTER TABLE `clanky`
  ADD CONSTRAINT `FK_users_TO_clanky` FOREIGN KEY (`user_id`) REFERENCES `users` (`id`);
--
-- Omezení pro tabulku `clanky_kategorie`
--
ALTER TABLE `clanky_kategorie`
  ADD CONSTRAINT `FK_clanky_TO_clanky_kategorie` FOREIGN KEY (`id_clanku`) REFERENCES `clanky` (`id`),
  ADD CONSTRAINT `FK_kategorie_TO_clanky_kategorie` FOREIGN KEY (`id_kategorie`) REFERENCES `kategorie` (`id`);
--
-- Omezení pro tabulku `password_resets`
--
ALTER TABLE `password_resets`
  ADD CONSTRAINT `FK_users_TO_password_resets` FOREIGN KEY (`user_id`) REFERENCES `users` (`id`);
--
-- Omezení pro tabulku `propagace`
--
ALTER TABLE `propagace`
  ADD CONSTRAINT `FK_clanky_TO_propagace` FOREIGN KEY (`id_clanku`) REFERENCES `clanky` (`id`),
  ADD CONSTRAINT `FK_users_TO_propagace` FOREIGN KEY (`user_id`) REFERENCES `users` (`id`);
--
-- Omezení pro tabulku `user_social`
--
ALTER TABLE `user_social`
  ADD CONSTRAINT `FK_socials_TO_user_social` FOREIGN KEY (`social_id`) REFERENCES `socials` (`id`),
  ADD CONSTRAINT `FK_users_TO_user_social` FOREIGN KEY (`social_id`) REFERENCES `users` (`id`);
--
-- Omezení pro tabulku `views_clanku`
--
ALTER TABLE `views_clanku`
  ADD CONSTRAINT `FK_clanky_TO_views_clanku` FOREIGN KEY (`id_clanku`) REFERENCES `clanky` (`id`);
COMMIT;
/*!40101 SET CHARACTER_SET_CLIENT=@OLD_CHARACTER_SET_CLIENT */;
/*!40101 SET CHARACTER_SET_RESULTS=@OLD_CHARACTER_SET_RESULTS */;
/*!40101 SET COLLATION_CONNECTION=@OLD_COLLATION_CONNECTION */;
